log_gains,1.8048,0.912668,0.863807,0
log_gains,1.99608,1.09347,0.55977,0
log_gains,2.10323,1.21571,0.3747,0
log_gains,2.18327,1.31002,0.645159,0
log_gains,2.27276,1.40523,0.462623,0
log_gains,2.32857,1.48048,0.389512,0
log_gains,2.36886,1.54485,0.390726,0
log_gains,2.40526,1.60422,0.399788,0
log_gains,2.43944,1.65977,0.407822,0
log_gains,2.47168,1.71195,0.415357,0
log_gains,2.50223,1.76117,0.422446,0
log_gains,2.53133,1.80774,0.429143,0
log_gains,2.55915,1.85195,0.435496,0
log_gains,2.58584,1.89402,0.441543,0
log_gains,2.61153,1.93415,0.447316,0
log_gains,2.63632,1.97252,0.452843,0
log_gains,2.6603,2.00927,0.458148,0
log_gains,2.68355,2.04454,0.463251,0
log_gains,2.70613,2.07843,0.46817,0
log_gains,2.72811,2.11106,0.472921,0
log_gains,2.74954,2.1425,0.477518,0
log_gains,2.77046,2.17285,0.481972,0
log_gains,2.79091,2.20216,0.486295,0
log_gains,2.81093,2.23052,0.490496,0
log_gains,2.83054,2.25798,0.494584,0
log_gains,2.84979,2.28459,0.498566,0
log_gains,2.86868,2.3104,0.50245,0
log_gains,2.88726,2.33545,0.506242,0
log_gains,2.90552,2.3598,0.509948,0
log_gains,2.92351,2.38347,0.513573,0
log_gains,2.94122,2.4065,0.517121,0
log_gains,2.95869,2.42893,0.520598,0
log_gains,2.97592,2.45078,0.524007,0
log_gains,2.99292,2.47208,0.527351,0
log_gains,3.00971,2.49285,0.530635,0
log_gains,3.0263,2.51313,0.53386,0
log_gains,3.04269,2.53293,0.537031,0
log_gains,3.05891,2.55227,0.54015,0
log_gains,3.07495,2.57118,0.543219,0
log_gains,3.09083,2.58967,0.546241,0
log_gains,3.10654,2.60776,0.549218,0
log_gains,3.12211,2.62546,0.552151,0
log_gains,3.13754,2.6428,0.555043,0
log_gains,3.15282,2.65977,0.557896,0
log_gains,3.16797,2.67641,0.56071,0
log_gains,3.183,2.69272,0.563488,0
log_gains,3.1979,2.70871,0.566231,0
log_gains,3.21269,2.7244,0.568941,0
log_gains,3.22736,2.73979,0.571618,0
log_gains,3.24192,2.7549,0.574264,0
log_gains,3.25638,2.76973,0.57688,0
log_gains,3.27073,2.7843,0.579466,0
log_gains,3.28499,2.79862,0.582025,0
log_gains,3.29915,2.81268,0.584557,0
log_gains,3.31322,2.82651,0.587063,0
log_gains,3.3272,2.8401,0.589544,0
log_gains,3.34109,2.85347,0.592,0
log_gains,3.35489,2.86662,0.594432,0
log_gains,3.36862,2.87956,0.596842,0
log_gains,3.38227,2.89229,0.599229,0
log_gains,3.39583,2.90483,0.601595,0
log_gains,3.40933,2.91717,0.603939,0
log_gains,3.42275,2.92933,0.606264,0
log_gains,3.43609,2.9413,0.608568,0
log_gains,3.44937,2.9531,0.610853,0
log_gains,3.46258,2.96472,0.61312,0
log_gains,3.47573,2.97618,0.615368,0
log_gains,3.48881,2.98747,0.617599,0
log_gains,3.50182,2.99861,0.619812,0
log_gains,3.51478,3.00959,0.622009,0
log_gains,3.52767,3.02042,0.624189,0
log_gains,3.5405,3.03111,0.626353,0
log_gains,3.55328,3.04165,0.628501,0
log_gains,3.566,3.05205,0.630634,0
log_gains,3.57866,3.06232,0.632753,0
log_gains,3.59127,3.07246,0.634856,0
log_gains,3.60383,3.08247,0.636945,0
log_gains,3.61633,3.09235,0.639021,0
log_gains,3.62878,3.1021,0.641082,0
log_gains,3.64118,3.11174,0.643131,0
log_gains,3.65353,3.12126,0.645166,0
log_gains,3.66583,3.13067,0.647189,0
log_gains,3.67809,3.13997,0.649199,0
log_gains,3.69029,3.14915,0.651196,0
log_gains,3.70245,3.15823,0.653182,0
log_gains,3.71457,3.16721,0.655156,0
log_gains,3.72664,3.17608,0.657118,0
log_gains,3.73866,3.18485,0.659069,0
log_gains,3.75064,3.19353,0.661009,0
log_gains,3.76258,3.20211,0.662938,0
log_gains,3.77448,3.21059,0.664856,0
log_gains,3.78633,3.21899,0.666763,0
log_gains,3.79815,3.22729,0.66866,0
log_gains,3.80992,3.23551,0.670547,0
log_gains,3.82165,3.24364,0.672424,0
log_gains,3.83335,3.25168,0.674291,0
log_gains,3.845,3.25965,0.676149,0
log_gains,3.85662,3.26753,0.677996,0
log_gains,3.86819,3.27533,0.679835,0
log_gains,3.87973,3.28306,0.681664,0
log_gains,3.89124,3.29071,0.683484,0
log_gains,3.9027,3.29828,0.685296,0
log_gains,3.91413,3.30578,0.687098,0
log_gains,3.92553,3.31321,0.688892,0
log_gains,3.93689,3.32057,0.690677,0
log_gains,3.94821,3.32785,0.692454,0
log_gains,3.9595,3.33507,0.694223,0
log_gains,3.97076,3.34223,0.695983,0
log_gains,3.98198,3.34932,0.697736,0
log_gains,3.99317,3.35634,0.69948,0
log_gains,4.00433,3.3633,0.701217,0
log_gains,4.01545,3.3702,0.702946,0
log_gains,4.02654,3.37703,0.704667,0
log_gains,4.0376,3.38381,0.706381,0
log_gains,4.04862,3.39053,0.708087,0
log_gains,4.05962,3.39719,0.709786,0
log_gains,4.07058,3.40379,0.711478,0
log_gains,4.08152,3.41034,0.713163,0
log_gains,4.09242,3.41683,0.71484,0
log_gains,4.10329,3.42326,0.716511,0
log_gains,4.11414,3.42965,0.718175,0
log_gains,4.12495,3.43598,0.719832,0
log_gains,4.13573,3.44226,0.721482,0
log_gains,4.14649,3.44849,0.723126,0
log_gains,4.15721,3.45467,0.724763,0
log_gains,4.16791,3.4608,0.726394,0
log_gains,4.17858,3.46688,0.728019,0
log_gains,4.18922,3.47292,0.729637,0
log_gains,4.19983,3.4789,0.731249,0
log_gains,4.21041,3.48485,0.732854,0
log_gains,4.22097,3.49074,0.734454,0
log_gains,4.2315,3.49659,0.736047,0
log_gains,4.242,3.5024,0.737635,0
log_gains,4.25248,3.50816,0.739217,0
log_gains,4.26293,3.51389,0.740792,0
log_gains,4.27335,3.51957,0.742363,0
log_gains,4.28375,3.5252,0.743927,0
log_gains,4.29412,3.5308,0.745486,0
log_gains,4.30446,3.53636,0.747039,0
log_gains,4.31478,3.54188,0.748586,0
log_gains,4.32508,3.54735,0.750128,0
log_gains,4.33534,3.55279,0.751665,0
log_gains,4.34559,3.55819,0.753196,0
log_gains,4.35581,3.56356,0.754722,0
log_gains,4.366,3.56889,0.756243,0
log_gains,4.37617,3.57418,0.757758,0
log_gains,4.38631,3.57943,0.759269,0
log_gains,4.39643,3.58465,0.760774,0
log_gains,4.40653,3.58984,0.762274,0
log_gains,4.4166,3.59499,0.763769,0
log_gains,4.42665,3.60011,0.765259,0
log_gains,4.43667,3.60519,0.766744,0
log_gains,4.44668,3.61024,0.768224,0
log_gains,4.45665,3.61526,0.7697,0
log_gains,4.46661,3.62024,0.77117,0
log_gains,4.47654,3.6252,0.772636,0
log_gains,4.48645,3.63012,0.774097,0
log_gains,4.49634,3.63501,0.775554,0
log_gains,4.5062,3.63987,0.777006,0
log_gains,4.51604,3.6447,0.778453,0
log_gains,4.52586,3.6495,0.779896,0
log_gains,4.53566,3.65427,0.781334,0
log_gains,4.54543,3.65902,0.782768,0
log_gains,4.55519,3.66373,0.784197,0
log_gains,4.56492,3.66842,0.785622,0
log_gains,4.57463,3.67307,0.787042,0
log_gains,4.58431,3.6777,0.788459,0
log_gains,4.59398,3.68231,0.78987,0
log_gains,4.60363,3.68688,0.791278,0
log_gains,4.61325,3.69143,0.792681,0
log_gains,4.62285,3.69596,0.794081,0
log_gains,4.63243,3.70045,0.795476,0
log_gains,4.642,3.70493,0.796867,0
log_gains,4.65154,3.70937,0.798254,0
log_gains,4.66106,3.71379,0.799636,0
log_gains,4.67056,3.71819,0.801015,0
log_gains,4.68004,3.72256,0.80239,0
log_gains,4.68949,3.72691,0.803761,0
log_gains,4.69893,3.73123,0.805127,0
log_gains,4.70835,3.73553,0.80649,0
log_gains,4.71775,3.73981,0.807849,0
log_gains,4.72713,3.74407,0.809205,0
log_gains,4.73649,3.7483,0.810556,0
log_gains,4.74583,3.75251,0.811904,0
log_gains,4.75515,3.75669,0.813247,0
log_gains,4.76445,3.76086,0.814587,0
log_gains,4.77373,3.765,0.815924,0
log_gains,4.78299,3.76912,0.817256,0
log_gains,4.79224,3.77322,0.818585,0
log_gains,4.80146,3.7773,0.819911,0
log_gains,4.81067,3.78136,0.821232,0
log_gains,4.81985,3.78539,0.822551,0
log_gains,4.82902,3.78941,0.823865,0
log_gains,4.83817,3.79341,0.825176,0
log_gains,4.8473,3.79738,0.826484,0
log_gains,4.85641,3.80134,0.827788,0
log_gains,4.8655,3.80528,0.829089,0
log_gains,4.87458,3.8092,0.830386,0
log_gains,4.88364,3.81309,0.831679,0
log_gains,4.89268,3.81697,0.83297,0
log_gains,4.9017,3.82083,0.834257,0
log_gains,4.9107,3.82468,0.83554,0
log_gains,4.91968,3.8285,0.836821,0
log_gains,4.92865,3.83231,0.838098,0
log_gains,4.9376,3.83609,0.839371,0
log_gains,4.94653,3.83986,0.840642,0
log_gains,4.95545,3.84362,0.841909,0
log_gains,4.96434,3.84735,0.843173,0
log_gains,4.97322,3.85107,0.844433,0
log_gains,4.98208,3.85477,0.845691,0
log_gains,4.99093,3.85845,0.846945,0
log_gains,4.99976,3.86212,0.848197,0
log_gains,5.00857,3.86577,0.849445,0
log_gains,5.01736,3.8694,0.85069,0
log_gains,5.02614,3.87302,0.851932,0
log_gains,5.0349,3.87662,0.85317,0
log_gains,5.04364,3.88021,0.854406,0
log_gains,5.05236,3.88378,0.855639,0
log_gains,5.06107,3.88733,0.856869,0
log_gains,5.06977,3.89087,0.858095,0
log_gains,5.07844,3.89439,0.859319,0
log_gains,5.0871,3.8979,0.86054,0
log_gains,5.09575,3.90139,0.861758,0
log_gains,5.10437,3.90487,0.862973,0
log_gains,5.11298,3.90833,0.864185,0
log_gains,5.12158,3.91178,0.865394,0
log_gains,5.13016,3.91521,0.8666,0
log_gains,5.13872,3.91863,0.867804,0
log_gains,5.14726,3.92204,0.869004,0
log_gains,5.1558,3.92543,0.870202,0
log_gains,5.16431,3.9288,0.871397,0
log_gains,5.17281,3.93217,0.872589,0
log_gains,5.18129,3.93551,0.873778,0
log_gains,5.18976,3.93885,0.874965,0
log_gains,5.19821,3.94217,0.876148,0
log_gains,5.20665,3.94548,0.877329,0
log_gains,5.21507,3.94877,0.878508,0
log_gains,5.22347,3.95206,0.879683,0
log_gains,5.23186,3.95532,0.880856,0
log_gains,5.24024,3.95858,0.882027,0
log_gains,5.2486,3.96182,0.883194,0
log_gains,5.25694,3.96505,0.884359,0
log_gains,5.26527,3.96827,0.885521,0
log_gains,5.27359,3.97148,0.886681,0
log_gains,5.28189,3.97467,0.887838,0
log_gains,5.29017,3.97785,0.888993,0
log_gains,5.29844,3.98102,0.890145,0
log_gains,5.3067,3.98417,0.891294,0
log_gains,5.31493,3.98732,0.892441,0
log_gains,5.32316,3.99045,0.893585,0
log_gains,5.33137,3.99357,0.894727,0
log_gains,5.33957,3.99668,0.895866,0
log_gains,5.34775,3.99977,0.897003,0
log_gains,5.35591,4.00286,0.898137,0
log_gains,5.36407,4.00593,0.899269,0
log_gains,5.3722,4.009,0.900398,0
log_gains,5.38033,4.01205,0.901525,0
log_gains,5.38844,4.01509,0.902649,0
log_gains,5.39653,4.01812,0.903771,0
log_gains,5.40461,4.02114,0.904891,0
log_gains,5.41268,4.02414,0.906008,0
log_gains,5.42073,4.02714,0.907122,0
log_gains,5.42877,4.03013,0.908235,0
log_gains,5.4368,4.0331,0.909345,0
log_gains,5.44481,4.03607,0.910452,0
log_gains,5.4528,4.03902,0.911558,0
log_gains,5.46079,4.04196,0.912661,0
log_gains,5.46876,4.0449,0.913761,0
log_gains,5.47671,4.04782,0.91486,0
log_gains,5.48465,4.05073,0.915956,0
log_gains,5.49258,4.05364,0.917049,0
log_gains,5.5005,4.05653,0.918141,0
log_gains,5.5084,4.05941,0.91923,0
log_gains,5.51628,4.06229,0.920317,0
log_gains,5.52416,4.06515,0.921402,0
log_gains,5.53202,4.06801,0.922484,0
log_gains,5.53987,4.07085,0.923564,0
log_gains,5.5477,4.07368,0.924642,0
log_gains,5.55552,4.07651,0.925718,0
log_gains,5.56333,4.07933,0.926791,0
log_gains,5.57112,4.08213,0.927863,0
log_gains,5.5789,4.08493,0.928932,0
log_gains,5.58667,4.08772,0.929999,0
log_gains,5.59443,4.0905,0.931064,0
log_gains,5.60217,4.09327,0.932127,0
log_gains,5.6099,4.09603,0.933187,0
log_gains,5.61761,4.09878,0.934246,0
log_gains,5.62532,4.10153,0.935302,0
log_gains,5.63301,4.10426,0.936356,0
log_gains,5.64068,4.10699,0.937408,0
log_gains,5.64835,4.1097,0.938458,0
log_gains,5.656,4.11241,0.939506,0
log_gains,5.66364,4.11511,0.940552,0
log_gains,5.67127,4.1178,0.941596,0
log_gains,5.67888,4.12049,0.942638,0
log_gains,5.68648,4.12316,0.943677,0
log_gains,5.69407,4.12583,0.944715,0
log_gains,5.70165,4.12849,0.945751,0
log_gains,5.70921,4.13114,0.946784,0
log_gains,5.71676,4.13378,0.947816,0
log_gains,5.7243,4.13641,0.948845,0
log_gains,5.73183,4.13904,0.949873,0
log_gains,5.73935,4.14165,0.950898,0
log_gains,5.74685,4.14426,0.951922,0
log_gains,5.75434,4.14687,0.952944,0
log_gains,5.76182,4.14946,0.953963,0
log_gains,5.76928,4.15205,0.954981,0
log_gains,5.77674,4.15463,0.955997,0
log_gains,5.78418,4.1572,0.957011,0
log_gains,5.79161,4.15976,0.958022,0
log_gains,5.79903,4.16232,0.959032,0
log_gains,5.80643,4.16486,0.96004,0
log_gains,5.81383,4.16741,0.961046,0
log_gains,5.82121,4.16994,0.962051,0
log_gains,5.82858,4.17247,0.963053,0
log_gains,5.83594,4.17498,0.964053,0
log_gains,5.84329,4.1775,0.965052,0
log_gains,5.85062,4.18,0.966049,0
log_gains,5.85794,4.1825,0.967043,0
log_gains,5.86526,4.18499,0.968036,0
log_gains,5.87256,4.18747,0.969027,0
log_gains,5.87985,4.18995,0.970017,0
log_gains,5.88712,4.19242,0.971004,0
log_gains,5.89439,4.19488,0.97199,0
log_gains,5.90164,4.19733,0.972973,0
log_gains,5.90888,4.19978,0.973955,0
log_gains,5.91612,4.20222,0.974935,0
log_gains,5.92334,4.20466,0.975914,0
log_gains,5.93054,4.20708,0.97689,0
log_gains,5.93774,4.20951,0.977865,0
log_gains,5.94493,4.21192,0.978838,0
log_gains,5.9521,4.21433,0.979809,0
log_gains,5.95927,4.21673,0.980778,0
log_gains,5.96642,4.21912,0.981746,0
log_gains,5.97356,4.22151,0.982712,0
log_gains,5.98069,4.2239,0.983676,0
log_gains,5.98781,4.22627,0.984639,0
log_gains,5.99492,4.22864,0.985599,0
log_gains,6.00201,4.231,0.986558,0
log_gains,6.0091,4.23336,0.987515,0
log_gains,6.01617,4.23571,0.988471,0
log_gains,6.02324,4.23805,0.989425,0
log_gains,6.03029,4.24039,0.990377,0
log_gains,6.03733,4.24272,0.991327,0
log_gains,6.04436,4.24505,0.992276,0
log_gains,6.05139,4.24737,0.993223,0
log_gains,6.05839,4.24968,0.994168,0
log_gains,6.06539,4.25199,0.995111,0
log_gains,6.07238,4.25429,0.996053,0
log_gains,6.07936,4.25659,0.996994,0
log_gains,6.08633,4.25888,0.997932,0
log_gains,6.09328,4.26116,0.998869,0
log_gains,6.10023,4.26344,0.999805,0
log_gains,6.10716,4.26571,1.00074,0
log_gains,6.11409,4.26798,1.00167,0
log_gains,6.121,4.27024,1.0026,0
log_gains,6.12791,4.2725,1.00353,0
log_gains,6.1348,4.27475,1.00446,0
log_gains,6.14168,4.27699,1.00538,0
log_gains,6.14855,4.27923,1.00631,0
log_gains,6.15542,4.28146,1.00723,0
log_gains,6.16227,4.28369,1.00815,0
log_gains,6.16911,4.28591,1.00907,0
log_gains,6.17594,4.28813,1.00999,0
log_gains,6.18276,4.29034,1.0109,0
log_gains,6.18957,4.29254,1.01182,0
log_gains,6.19637,4.29474,1.01273,0
log_gains,6.20316,4.29694,1.01364,0
log_gains,6.20994,4.29913,1.01455,0
log_gains,6.21671,4.30131,1.01546,0
log_gains,6.22347,4.30349,1.01636,0
log_gains,6.23022,4.30566,1.01727,0
log_gains,6.23696,4.30783,1.01817,0
log_gains,6.24369,4.30999,1.01908,0
log_gains,6.25041,4.31215,1.01998,0
log_gains,6.25712,4.31431,1.02087,0
log_gains,6.26382,4.31645,1.02177,0
log_gains,6.27051,4.3186,1.02267,0
log_gains,6.27719,4.32073,1.02356,0
log_gains,6.28386,4.32287,1.02446,0
log_gains,6.29052,4.32499,1.02535,0
log_gains,6.29717,4.32712,1.02624,0
log_gains,6.30381,4.32924,1.02712,0
log_gains,6.31044,4.33135,1.02801,0
log_gains,6.31706,4.33346,1.0289,0
log_gains,6.32367,4.33556,1.02978,0
log_gains,6.33027,4.33766,1.03066,0
log_gains,6.33686,4.33975,1.03154,0
log_gains,6.34345,4.34184,1.03242,0
log_gains,6.35002,4.34392,1.0333,0
log_gains,6.35658,4.346,1.03418,0
log_gains,6.36314,4.34808,1.03505,0
log_gains,6.36968,4.35015,1.03593,0
log_gains,6.37621,4.35221,1.0368,0
log_gains,6.38274,4.35427,1.03767,0
log_gains,6.38925,4.35633,1.03854,0
log_gains,6.39576,4.35838,1.03941,0
log_gains,6.40226,4.36043,1.04027,0
log_gains,6.40874,4.36247,1.04114,0
log_gains,6.41522,4.36451,1.042,0
log_gains,6.42169,4.36654,1.04287,0
log_gains,6.42815,4.36857,1.04373,0
log_gains,6.4346,4.3706,1.04459,0
log_gains,6.44104,4.37262,1.04544,0
log_gains,6.44747,4.37463,1.0463,0
log_gains,6.45389,4.37664,1.04716,0
log_gains,6.4603,4.37865,1.04801,0
log_gains,6.4667,4.38065,1.04886,0
log_gains,6.4731,4.38265,1.04971,0
log_gains,6.47948,4.38464,1.05056,0
log_gains,6.48586,4.38663,1.05141,0
log_gains,6.49223,4.38862,1.05226,0
log_gains,6.49858,4.3906,1.0531,0
log_gains,6.50493,4.39258,1.05395,0
log_gains,6.51127,4.39455,1.05479,0
log_gains,6.5176,4.39652,1.05563,0
log_gains,6.52392,4.39848,1.05647,0
log_gains,6.53023,4.40044,1.05731,0
log_gains,6.53654,4.4024,1.05815,0
log_gains,6.54283,4.40435,1.05899,0
log_gains,6.54912,4.4063,1.05982,0
log_gains,6.55539,4.40824,1.06065,0
log_gains,6.56166,4.41018,1.06149,0
log_gains,6.56792,4.41212,1.06232,0
log_gains,6.57417,4.41405,1.06315,0
log_gains,6.58041,4.41598,1.06397,0
log_gains,6.58664,4.4179,1.0648,0
log_gains,6.59286,4.41982,1.06563,0
log_gains,6.59908,4.42174,1.06645,0
log_gains,6.60528,4.42365,1.06727,0
log_gains,6.61148,4.42556,1.0681,0
log_gains,6.61767,4.42746,1.06892,0
log_gains,6.62385,4.42936,1.06974,0
log_gains,6.63002,4.43126,1.07055,0
log_gains,6.63618,4.43315,1.07137,0
log_gains,6.64234,4.43504,1.07219,0
log_gains,6.64848,4.43693,1.073,0
log_gains,6.65462,4.43881,1.07381,0
log_gains,6.66074,4.44068,1.07462,0
log_gains,6.66686,4.44256,1.07543,0
log_gains,6.67297,4.44443,1.07624,0
log_gains,6.67908,4.4463,1.07705,0
log_gains,6.68517,4.44816,1.07786,0
log_gains,6.69125,4.45002,1.07866,0
log_gains,6.69733,4.45187,1.07947,0
log_gains,6.7034,4.45372,1.08027,0
log_gains,6.70946,4.45557,1.08107,0
log_gains,6.71551,4.45742,1.08187,0
log_gains,6.72155,4.45926,1.08267,0
log_gains,6.72759,4.4611,1.08347,0
log_gains,6.73361,4.46293,1.08426,0
log_gains,6.73963,4.46476,1.08506,0
log_gains,6.74564,4.46659,1.08585,0
log_gains,6.75164,4.46841,1.08665,0
log_gains,6.75764,4.47023,1.08744,0
log_gains,6.76362,4.47205,1.08823,0
log_gains,6.7696,4.47386,1.08902,0
log_gains,6.77556,4.47567,1.0898,0
log_gains,6.78152,4.47748,1.09059,0
log_gains,6.78748,4.47928,1.09138,0
log_gains,6.79342,4.48108,1.09216,0
log_gains,6.79935,4.48287,1.09294,0
log_gains,6.80528,4.48466,1.09373,0
log_gains,6.8112,4.48645,1.09451,0
log_gains,6.81711,4.48824,1.09529,0
log_gains,6.82301,4.49002,1.09607,0
log_gains,6.82891,4.4918,1.09684,0
log_gains,6.83479,4.49358,1.09762,0
log_gains,6.84067,4.49535,1.09839,0
log_gains,6.84654,4.49712,1.09917,0
log_gains,6.85241,4.49888,1.09994,0
log_gains,6.85826,4.50065,1.10071,0
log_gains,6.86411,4.50241,1.10148,0
log_gains,6.86995,4.50416,1.10225,0
log_gains,6.87578,4.50592,1.10302,0
log_gains,6.8816,4.50766,1.10378,0
log_gains,6.88741,4.50941,1.10455,0
log_gains,6.89322,4.51115,1.10531,0
log_gains,6.89902,4.51289,1.10608,0
log_gains,6.90481,4.51463,1.10684,0
log_gains,6.91059,4.51637,1.1076,0
log_gains,6.91637,4.5181,1.10836,0
log_gains,6.92214,4.51982,1.10912,0
log_gains,6.92789,4.52155,1.10988,0
log_gains,6.93365,4.52327,1.11063,0
log_gains,6.93939,4.52499,1.11139,0
log_gains,6.94513,4.5267,1.11214,0
log_gains,6.95086,4.52842,1.1129,0
log_gains,6.95658,4.53013,1.11365,0
log_gains,6.96229,4.53183,1.1144,0
log_gains,6.96799,4.53354,1.11515,0
log_gains,6.97369,4.53524,1.1159,0
log_gains,6.97938,4.53693,1.11664,0
log_gains,6.98506,4.53863,1.11739,0
log_gains,6.99074,4.54032,1.11814,0
log_gains,6.99641,4.54201,1.11888,0
log_gains,7.00207,4.54369,1.11962,0
log_gains,7.00772,4.54537,1.12037,0
log_gains,7.01336,4.54705,1.12111,0
log_gains,7.019,4.54873,1.12185,0
log_gains,7.01336,4.54705,1.12111,0
log_gains,1.8048,0.912668,0.863807,0
log_gains,1.99608,1.09347,0.55977,0
log_gains,2.10323,1.21571,0.3747,0
log_gains,2.18327,1.31002,0.645159,0
log_gains,2.27276,1.40523,0.462623,0
log_gains,2.32857,1.48048,0.389512,0
log_gains,2.36886,1.54485,0.390726,0
log_gains,2.40526,1.60422,0.399788,0
log_gains,2.43944,1.65977,0.407822,0
log_gains,2.47168,1.71195,0.415357,0
log_gains,2.50223,1.76117,0.422446,0
log_gains,2.53133,1.80774,0.429143,0
log_gains,2.55915,1.85195,0.435496,0
log_gains,2.58584,1.89402,0.441543,0
log_gains,2.61153,1.93415,0.447316,0
log_gains,2.63632,1.97252,0.452843,0
log_gains,2.6603,2.00927,0.458148,0
log_gains,2.68355,2.04454,0.463251,0
log_gains,2.70613,2.07843,0.46817,0
log_gains,2.72811,2.11106,0.472921,0
log_gains,2.74954,2.1425,0.477518,0
log_gains,2.77046,2.17285,0.481972,0
log_gains,2.79091,2.20216,0.486295,0
log_gains,2.81093,2.23052,0.490496,0
log_gains,2.83054,2.25798,0.494584,0
log_gains,2.84979,2.28459,0.498566,0
log_gains,2.86868,2.3104,0.50245,0
log_gains,2.88726,2.33545,0.506242,0
log_gains,2.90552,2.3598,0.509948,0
log_gains,2.92351,2.38347,0.513573,0
log_gains,2.94122,2.4065,0.517121,0
log_gains,2.95869,2.42893,0.520598,0
log_gains,2.97592,2.45078,0.524007,0
log_gains,2.99292,2.47208,0.527351,0
log_gains,3.00971,2.49285,0.530635,0
log_gains,3.0263,2.51313,0.53386,0
log_gains,3.04269,2.53293,0.537031,0
log_gains,3.05891,2.55227,0.54015,0
log_gains,3.07495,2.57118,0.543219,0
log_gains,3.09083,2.58967,0.546241,0
log_gains,3.10654,2.60776,0.549218,0
log_gains,3.12211,2.62546,0.552151,0
log_gains,3.13754,2.6428,0.555043,0
log_gains,3.15282,2.65977,0.557896,0
log_gains,3.16797,2.67641,0.56071,0
log_gains,3.183,2.69272,0.563488,0
log_gains,3.1979,2.70871,0.566231,0
log_gains,3.21269,2.7244,0.568941,0
log_gains,3.22736,2.73979,0.571618,0
log_gains,3.24192,2.7549,0.574264,0
log_gains,3.25638,2.76973,0.57688,0
log_gains,3.27073,2.7843,0.579466,0
log_gains,3.28499,2.79862,0.582025,0
log_gains,3.29915,2.81268,0.584557,0
log_gains,3.31322,2.82651,0.587063,0
log_gains,3.3272,2.8401,0.589544,0
log_gains,3.34109,2.85347,0.592,0
log_gains,3.35489,2.86662,0.594432,0
log_gains,3.36862,2.87956,0.596842,0
log_gains,3.38227,2.89229,0.599229,0
log_gains,3.39583,2.90483,0.601595,0
log_gains,3.40933,2.91717,0.603939,0
log_gains,3.42275,2.92933,0.606264,0
log_gains,3.43609,2.9413,0.608568,0
log_gains,3.44937,2.9531,0.610853,0
log_gains,3.46258,2.96472,0.61312,0
log_gains,3.47573,2.97618,0.615368,0
log_gains,3.48881,2.98747,0.617599,0
log_gains,3.50182,2.99861,0.619812,0
log_gains,3.51478,3.00959,0.622009,0
log_gains,3.52767,3.02042,0.624189,0
log_gains,3.5405,3.03111,0.626353,0
log_gains,3.55328,3.04165,0.628501,0
log_gains,3.566,3.05205,0.630634,0
log_gains,3.57866,3.06232,0.632753,0
log_gains,3.59127,3.07246,0.634856,0
log_gains,3.60383,3.08247,0.636945,0
log_gains,3.61633,3.09235,0.639021,0
log_gains,3.62878,3.1021,0.641082,0
log_gains,3.64118,3.11174,0.643131,0
log_gains,3.65353,3.12126,0.645166,0
log_gains,3.66583,3.13067,0.647189,0
log_gains,3.67809,3.13997,0.649199,0
log_gains,3.69029,3.14915,0.651196,0
log_gains,3.70245,3.15823,0.653182,0
log_gains,3.71457,3.16721,0.655156,0
log_gains,3.72664,3.17608,0.657118,0
log_gains,3.73866,3.18485,0.659069,0
log_gains,3.75064,3.19353,0.661009,0
log_gains,3.76258,3.20211,0.662938,0
log_gains,3.77448,3.21059,0.664856,0
log_gains,3.78633,3.21899,0.666763,0
log_gains,3.79815,3.22729,0.66866,0
log_gains,3.80992,3.23551,0.670547,0
log_gains,3.82165,3.24364,0.672424,0
log_gains,3.83335,3.25168,0.674291,0
log_gains,3.845,3.25965,0.676149,0
log_gains,3.85662,3.26753,0.677996,0
log_gains,3.86819,3.27533,0.679835,0
log_gains,3.87973,3.28306,0.681664,0
log_gains,3.89124,3.29071,0.683484,0
log_gains,3.9027,3.29828,0.685296,0
log_gains,3.91413,3.30578,0.687098,0
log_gains,3.92553,3.31321,0.688892,0
log_gains,3.93689,3.32057,0.690677,0
log_gains,3.94821,3.32785,0.692454,0
log_gains,3.9595,3.33507,0.694223,0
log_gains,3.97076,3.34223,0.695983,0
log_gains,3.98198,3.34932,0.697736,0
log_gains,3.99317,3.35634,0.69948,0
log_gains,4.00433,3.3633,0.701217,0
log_gains,4.01545,3.3702,0.702946,0
log_gains,4.02654,3.37703,0.704667,0
log_gains,4.0376,3.38381,0.706381,0
log_gains,4.04862,3.39053,0.708087,0
log_gains,4.05962,3.39719,0.709786,0
log_gains,4.07058,3.40379,0.711478,0
log_gains,4.08152,3.41034,0.713163,0
log_gains,4.09242,3.41683,0.71484,0
log_gains,4.10329,3.42326,0.716511,0
log_gains,4.11414,3.42965,0.718175,0
log_gains,4.12495,3.43598,0.719832,0
log_gains,4.13573,3.44226,0.721482,0
log_gains,4.14649,3.44849,0.723126,0
log_gains,4.15721,3.45467,0.724763,0
log_gains,4.16791,3.4608,0.726394,0
log_gains,4.17858,3.46688,0.728019,0
log_gains,4.18922,3.47292,0.729637,0
log_gains,4.19983,3.4789,0.731249,0
log_gains,4.21041,3.48485,0.732854,0
log_gains,4.22097,3.49074,0.734454,0
log_gains,4.2315,3.49659,0.736047,0
log_gains,4.242,3.5024,0.737635,0
log_gains,4.25248,3.50816,0.739217,0
log_gains,4.26293,3.51389,0.740792,0
log_gains,4.27335,3.51957,0.742363,0
log_gains,4.28375,3.5252,0.743927,0
log_gains,4.29412,3.5308,0.745486,0
log_gains,4.30446,3.53636,0.747039,0
log_gains,4.31478,3.54188,0.748586,0
log_gains,4.32508,3.54735,0.750128,0
log_gains,4.33534,3.55279,0.751665,0
log_gains,4.34559,3.55819,0.753196,0
log_gains,4.35581,3.56356,0.754722,0
log_gains,4.366,3.56889,0.756243,0
log_gains,4.37617,3.57418,0.757758,0
log_gains,4.38631,3.57943,0.759269,0
log_gains,4.39643,3.58465,0.760774,0
log_gains,4.40653,3.58984,0.762274,0
log_gains,4.4166,3.59499,0.763769,0
log_gains,4.42665,3.60011,0.765259,0
log_gains,4.43667,3.60519,0.766744,0
log_gains,4.44668,3.61024,0.768224,0
log_gains,4.45665,3.61526,0.7697,0
log_gains,4.46661,3.62024,0.77117,0
log_gains,4.47654,3.6252,0.772636,0
log_gains,4.48645,3.63012,0.774097,0
log_gains,4.49634,3.63501,0.775554,0
log_gains,4.5062,3.63987,0.777006,0
log_gains,4.51604,3.6447,0.778453,0
log_gains,4.52586,3.6495,0.779896,0
log_gains,4.53566,3.65427,0.781334,0
log_gains,4.54543,3.65902,0.782768,0
log_gains,4.55519,3.66373,0.784197,0
log_gains,4.56492,3.66842,0.785622,0
log_gains,4.57463,3.67307,0.787042,0
log_gains,4.58431,3.6777,0.788459,0
log_gains,4.59398,3.68231,0.78987,0
log_gains,4.60363,3.68688,0.791278,0
log_gains,4.61325,3.69143,0.792681,0
log_gains,4.62285,3.69596,0.794081,0
log_gains,4.63243,3.70045,0.795476,0
log_gains,4.642,3.70493,0.796867,0
log_gains,4.65154,3.70937,0.798254,0
log_gains,4.66106,3.71379,0.799636,0
log_gains,4.67056,3.71819,0.801015,0
log_gains,4.68004,3.72256,0.80239,0
log_gains,4.68949,3.72691,0.803761,0
log_gains,4.69893,3.73123,0.805127,0
log_gains,4.70835,3.73553,0.80649,0
log_gains,4.71775,3.73981,0.807849,0
log_gains,4.72713,3.74407,0.809205,0
log_gains,4.73649,3.7483,0.810556,0
log_gains,4.74583,3.75251,0.811904,0
log_gains,4.75515,3.75669,0.813247,0
log_gains,4.76445,3.76086,0.814587,0
log_gains,4.77373,3.765,0.815924,0
log_gains,4.78299,3.76912,0.817256,0
log_gains,4.79224,3.77322,0.818585,0
log_gains,4.80146,3.7773,0.819911,0
log_gains,4.81067,3.78136,0.821232,0
log_gains,4.81985,3.78539,0.822551,0
log_gains,4.82902,3.78941,0.823865,0
log_gains,4.83817,3.79341,0.825176,0
log_gains,4.8473,3.79738,0.826484,0
log_gains,4.85641,3.80134,0.827788,0
log_gains,4.8655,3.80528,0.829089,0
log_gains,4.87458,3.8092,0.830386,0
log_gains,4.88364,3.81309,0.831679,0
log_gains,4.89268,3.81697,0.83297,0
log_gains,4.9017,3.82083,0.834257,0
log_gains,4.9107,3.82468,0.83554,0
log_gains,4.91968,3.8285,0.836821,0
log_gains,4.92865,3.83231,0.838098,0
log_gains,4.9376,3.83609,0.839371,0
log_gains,4.94653,3.83986,0.840642,0
log_gains,4.95545,3.84362,0.841909,0
log_gains,4.96434,3.84735,0.843173,0
log_gains,4.97322,3.85107,0.844433,0
log_gains,4.98208,3.85477,0.845691,0
log_gains,4.99093,3.85845,0.846945,0
log_gains,4.99976,3.86212,0.848197,0
log_gains,5.00857,3.86577,0.849445,0
log_gains,5.01736,3.8694,0.85069,0
log_gains,5.02614,3.87302,0.851932,0
log_gains,5.0349,3.87662,0.85317,0
log_gains,5.04364,3.88021,0.854406,0
log_gains,5.05236,3.88378,0.855639,0
log_gains,5.06107,3.88733,0.856869,0
log_gains,5.06977,3.89087,0.858095,0
log_gains,5.07844,3.89439,0.859319,0
log_gains,5.0871,3.8979,0.86054,0
log_gains,5.09575,3.90139,0.861758,0
log_gains,5.10437,3.90487,0.862973,0
log_gains,5.11298,3.90833,0.864185,0
log_gains,5.12158,3.91178,0.865394,0
log_gains,5.13016,3.91521,0.8666,0
log_gains,5.13872,3.91863,0.867804,0
log_gains,5.14726,3.92204,0.869004,0
log_gains,5.1558,3.92543,0.870202,0
log_gains,5.16431,3.9288,0.871397,0
log_gains,5.17281,3.93217,0.872589,0
log_gains,5.18129,3.93551,0.873778,0
log_gains,5.18976,3.93885,0.874965,0
log_gains,5.19821,3.94217,0.876148,0
log_gains,5.20665,3.94548,0.877329,0
log_gains,5.21507,3.94877,0.878508,0
log_gains,5.22347,3.95206,0.879683,0
log_gains,5.23186,3.95532,0.880856,0
log_gains,5.24024,3.95858,0.882027,0
log_gains,5.2486,3.96182,0.883194,0
log_gains,5.25694,3.96505,0.884359,0
log_gains,5.26527,3.96827,0.885521,0
log_gains,5.27359,3.97148,0.886681,0
log_gains,5.28189,3.97467,0.887838,0
log_gains,5.29017,3.97785,0.888993,0
log_gains,5.29844,3.98102,0.890145,0
log_gains,5.3067,3.98417,0.891294,0
log_gains,5.31493,3.98732,0.892441,0
log_gains,5.32316,3.99045,0.893585,0
log_gains,5.33137,3.99357,0.894727,0
log_gains,5.33957,3.99668,0.895866,0
log_gains,5.34775,3.99977,0.897003,0
log_gains,5.35591,4.00286,0.898137,0
log_gains,5.36407,4.00593,0.899269,0
log_gains,5.3722,4.009,0.900398,0
log_gains,5.38033,4.01205,0.901525,0
log_gains,5.38844,4.01509,0.902649,0
log_gains,5.39653,4.01812,0.903771,0
log_gains,5.40461,4.02114,0.904891,0
log_gains,5.41268,4.02414,0.906008,0
log_gains,5.42073,4.02714,0.907122,0
log_gains,5.42877,4.03013,0.908235,0
log_gains,5.4368,4.0331,0.909345,0
log_gains,5.44481,4.03607,0.910452,0
log_gains,5.4528,4.03902,0.911558,0
log_gains,5.46079,4.04196,0.912661,0
log_gains,5.46876,4.0449,0.913761,0
log_gains,5.47671,4.04782,0.91486,0
log_gains,5.48465,4.05073,0.915956,0
log_gains,5.49258,4.05364,0.917049,0
log_gains,5.5005,4.05653,0.918141,0
log_gains,5.5084,4.05941,0.91923,0
log_gains,5.51628,4.06229,0.920317,0
log_gains,5.52416,4.06515,0.921402,0
log_gains,5.53202,4.06801,0.922484,0
log_gains,5.53987,4.07085,0.923564,0
log_gains,5.5477,4.07368,0.924642,0
log_gains,5.55552,4.07651,0.925718,0
log_gains,5.56333,4.07933,0.926791,0
log_gains,5.57112,4.08213,0.927863,0
log_gains,5.5789,4.08493,0.928932,0
log_gains,5.58667,4.08772,0.929999,0
log_gains,5.59443,4.0905,0.931064,0
log_gains,5.60217,4.09327,0.932127,0
log_gains,5.6099,4.09603,0.933187,0
log_gains,5.61761,4.09878,0.934246,0
log_gains,5.62532,4.10153,0.935302,0
log_gains,5.63301,4.10426,0.936356,0
log_gains,5.64068,4.10699,0.937408,0
log_gains,5.64835,4.1097,0.938458,0
log_gains,5.656,4.11241,0.939506,0
log_gains,5.66364,4.11511,0.940552,0
log_gains,5.67127,4.1178,0.941596,0
log_gains,5.67888,4.12049,0.942638,0
log_gains,5.68648,4.12316,0.943677,0
log_gains,5.69407,4.12583,0.944715,0
log_gains,5.70165,4.12849,0.945751,0
log_gains,5.70921,4.13114,0.946784,0
log_gains,5.71676,4.13378,0.947816,0
log_gains,5.7243,4.13641,0.948845,0
log_gains,5.73183,4.13904,0.949873,0
log_gains,5.73935,4.14165,0.950898,0
log_gains,5.74685,4.14426,0.951922,0
log_gains,5.75434,4.14687,0.952944,0
log_gains,5.76182,4.14946,0.953963,0
log_gains,5.76928,4.15205,0.954981,0
log_gains,5.77674,4.15463,0.955997,0
log_gains,5.78418,4.1572,0.957011,0
log_gains,5.79161,4.15976,0.958022,0
log_gains,5.79903,4.16232,0.959032,0
log_gains,5.80643,4.16486,0.96004,0
log_gains,5.81383,4.16741,0.961046,0
log_gains,5.82121,4.16994,0.962051,0
log_gains,5.82858,4.17247,0.963053,0
log_gains,5.83594,4.17498,0.964053,0
log_gains,5.84329,4.1775,0.965052,0
log_gains,5.85062,4.18,0.966049,0
log_gains,5.85794,4.1825,0.967043,0
log_gains,5.86526,4.18499,0.968036,0
log_gains,5.87256,4.18747,0.969027,0
log_gains,5.87985,4.18995,0.970017,0
log_gains,5.88712,4.19242,0.971004,0
log_gains,5.89439,4.19488,0.97199,0
log_gains,5.90164,4.19733,0.972973,0
log_gains,5.90888,4.19978,0.973955,0
log_gains,5.91612,4.20222,0.974935,0
log_gains,5.92334,4.20466,0.975914,0
log_gains,5.93054,4.20708,0.97689,0
log_gains,5.93774,4.20951,0.977865,0
log_gains,5.94493,4.21192,0.978838,0
log_gains,5.9521,4.21433,0.979809,0
log_gains,5.95927,4.21673,0.980778,0
log_gains,5.96642,4.21912,0.981746,0
log_gains,5.97356,4.22151,0.982712,0
log_gains,5.98069,4.2239,0.983676,0
log_gains,5.98781,4.22627,0.984639,0
log_gains,5.99492,4.22864,0.985599,0
log_gains,6.00201,4.231,0.986558,0
log_gains,6.0091,4.23336,0.987515,0
log_gains,6.01617,4.23571,0.988471,0
log_gains,6.02324,4.23805,0.989425,0
log_gains,6.03029,4.24039,0.990377,0
log_gains,6.03733,4.24272,0.991327,0
log_gains,6.04436,4.24505,0.992276,0
log_gains,6.05139,4.24737,0.993223,0
log_gains,6.05839,4.24968,0.994168,0
log_gains,6.06539,4.25199,0.995111,0
log_gains,6.07238,4.25429,0.996053,0
log_gains,6.07936,4.25659,0.996994,0
log_gains,6.08633,4.25888,0.997932,0
log_gains,6.09328,4.26116,0.998869,0
log_gains,6.10023,4.26344,0.999805,0
log_gains,6.10716,4.26571,1.00074,0
log_gains,6.11409,4.26798,1.00167,0
log_gains,6.121,4.27024,1.0026,0
log_gains,6.12791,4.2725,1.00353,0
log_gains,6.1348,4.27475,1.00446,0
log_gains,6.14168,4.27699,1.00538,0
log_gains,6.14855,4.27923,1.00631,0
log_gains,6.15542,4.28146,1.00723,0
log_gains,6.16227,4.28369,1.00815,0
log_gains,6.16911,4.28591,1.00907,0
log_gains,6.17594,4.28813,1.00999,0
log_gains,6.18276,4.29034,1.0109,0
log_gains,6.18957,4.29254,1.01182,0
log_gains,6.19637,4.29474,1.01273,0
log_gains,6.20316,4.29694,1.01364,0
log_gains,6.20994,4.29913,1.01455,0
log_gains,6.21671,4.30131,1.01546,0
log_gains,6.22347,4.30349,1.01636,0
log_gains,6.23022,4.30566,1.01727,0
log_gains,6.23696,4.30783,1.01817,0
log_gains,6.24369,4.30999,1.01908,0
log_gains,6.25041,4.31215,1.01998,0
log_gains,6.25712,4.31431,1.02087,0
log_gains,6.26382,4.31645,1.02177,0
log_gains,6.27051,4.3186,1.02267,0
log_gains,6.27719,4.32073,1.02356,0
log_gains,6.28386,4.32287,1.02446,0
log_gains,6.29052,4.32499,1.02535,0
log_gains,6.29717,4.32712,1.02624,0
log_gains,6.30381,4.32924,1.02712,0
log_gains,6.31044,4.33135,1.02801,0
log_gains,6.31706,4.33346,1.0289,0
log_gains,6.32367,4.33556,1.02978,0
log_gains,6.33027,4.33766,1.03066,0
log_gains,6.33686,4.33975,1.03154,0
log_gains,6.34345,4.34184,1.03242,0
log_gains,6.35002,4.34392,1.0333,0
log_gains,6.35658,4.346,1.03418,0
log_gains,6.36314,4.34808,1.03505,0
log_gains,6.36968,4.35015,1.03593,0
log_gains,6.37621,4.35221,1.0368,0
log_gains,6.38274,4.35427,1.03767,0
log_gains,6.38925,4.35633,1.03854,0
log_gains,6.39576,4.35838,1.03941,0
log_gains,6.40226,4.36043,1.04027,0
log_gains,6.40874,4.36247,1.04114,0
log_gains,6.41522,4.36451,1.042,0
log_gains,6.42169,4.36654,1.04287,0
log_gains,6.42815,4.36857,1.04373,0
log_gains,6.4346,4.3706,1.04459,0
log_gains,6.44104,4.37262,1.04544,0
log_gains,6.44747,4.37463,1.0463,0
log_gains,6.45389,4.37664,1.04716,0
log_gains,6.4603,4.37865,1.04801,0
log_gains,6.4667,4.38065,1.04886,0
log_gains,6.4731,4.38265,1.04971,0
log_gains,6.47948,4.38464,1.05056,0
log_gains,6.48586,4.38663,1.05141,0
log_gains,6.49223,4.38862,1.05226,0
log_gains,6.49858,4.3906,1.0531,0
log_gains,6.50493,4.39258,1.05395,0
log_gains,6.51127,4.39455,1.05479,0
log_gains,6.5176,4.39652,1.05563,0
log_gains,6.52392,4.39848,1.05647,0
log_gains,6.53023,4.40044,1.05731,0
log_gains,6.53654,4.4024,1.05815,0
log_gains,6.54283,4.40435,1.05899,0
log_gains,6.54912,4.4063,1.05982,0
log_gains,6.55539,4.40824,1.06065,0
log_gains,6.56166,4.41018,1.06149,0
log_gains,6.56792,4.41212,1.06232,0
log_gains,6.57417,4.41405,1.06315,0
log_gains,6.58041,4.41598,1.06397,0
log_gains,6.58664,4.4179,1.0648,0
log_gains,6.59286,4.41982,1.06563,0
log_gains,6.59908,4.42174,1.06645,0
log_gains,6.60528,4.42365,1.06727,0
log_gains,6.61148,4.42556,1.0681,0
log_gains,6.61767,4.42746,1.06892,0
log_gains,6.62385,4.42936,1.06974,0
log_gains,6.63002,4.43126,1.07055,0
log_gains,6.63618,4.43315,1.07137,0
log_gains,6.64234,4.43504,1.07219,0
log_gains,6.64848,4.43693,1.073,0
log_gains,6.65462,4.43881,1.07381,0
log_gains,6.66074,4.44068,1.07462,0
log_gains,6.66686,4.44256,1.07543,0
log_gains,6.67297,4.44443,1.07624,0
log_gains,6.67908,4.4463,1.07705,0
log_gains,6.68517,4.44816,1.07786,0
log_gains,6.69125,4.45002,1.07866,0
log_gains,6.69733,4.45187,1.07947,0
log_gains,6.7034,4.45372,1.08027,0
log_gains,6.70946,4.45557,1.08107,0
log_gains,6.71551,4.45742,1.08187,0
log_gains,6.72155,4.45926,1.08267,0
log_gains,6.72759,4.4611,1.08347,0
log_gains,6.73361,4.46293,1.08426,0
log_gains,6.73963,4.46476,1.08506,0
log_gains,6.74564,4.46659,1.08585,0
log_gains,6.75164,4.46841,1.08665,0
log_gains,6.75764,4.47023,1.08744,0
log_gains,6.76362,4.47205,1.08823,0
log_gains,6.7696,4.47386,1.08902,0
log_gains,6.77556,4.47567,1.0898,0
log_gains,6.78152,4.47748,1.09059,0
log_gains,6.78748,4.47928,1.09138,0
log_gains,6.79342,4.48108,1.09216,0
log_gains,6.79935,4.48287,1.09294,0
log_gains,6.80528,4.48466,1.09373,0
log_gains,6.8112,4.48645,1.09451,0
log_gains,6.81711,4.48824,1.09529,0
log_gains,6.82301,4.49002,1.09607,0
log_gains,6.82891,4.4918,1.09684,0
log_gains,6.83479,4.49358,1.09762,0
log_gains,6.84067,4.49535,1.09839,0
log_gains,6.84654,4.49712,1.09917,0
log_gains,6.85241,4.49888,1.09994,0
log_gains,6.85826,4.50065,1.10071,0
log_gains,6.86411,4.50241,1.10148,0
log_gains,6.86995,4.50416,1.10225,0
log_gains,6.87578,4.50592,1.10302,0
log_gains,6.8816,4.50766,1.10378,0
log_gains,6.88741,4.50941,1.10455,0
log_gains,6.89322,4.51115,1.10531,0
log_gains,6.89902,4.51289,1.10608,0
log_gains,6.90481,4.51463,1.10684,0
log_gains,6.91059,4.51637,1.1076,0
log_gains,6.91637,4.5181,1.10836,0
log_gains,6.92214,4.51982,1.10912,0
log_gains,6.92789,4.52155,1.10988,0
log_gains,6.93365,4.52327,1.11063,0
log_gains,6.93939,4.52499,1.11139,0
log_gains,6.94513,4.5267,1.11214,0
log_gains,6.95086,4.52842,1.1129,0
log_gains,6.95658,4.53013,1.11365,0
log_gains,6.96229,4.53183,1.1144,0
log_gains,6.96799,4.53354,1.11515,0
log_gains,6.97369,4.53524,1.1159,0
log_gains,6.97938,4.53693,1.11664,0
log_gains,6.98506,4.53863,1.11739,0
log_gains,6.99074,4.54032,1.11814,0
log_gains,6.99641,4.54201,1.11888,0
log_gains,7.00207,4.54369,1.11962,0
log_gains,7.00772,4.54537,1.12037,0
log_gains,7.01336,4.54705,1.12111,0
log_gains,7.019,4.54873,1.12185,0
log_gains,7.01336,4.54705,1.12111,0
log_gains,1.8048,0.912668,0.863807,0
log_gains,1.99608,1.09347,0.55977,0
log_gains,2.10323,1.21571,0.3747,0
log_gains,2.18327,1.31002,0.645159,0
log_gains,2.27276,1.40523,0.462623,0
log_gains,2.32857,1.48048,0.389512,0
log_gains,2.36886,1.54485,0.390726,0
log_gains,2.40526,1.60422,0.399788,0
log_gains,2.43944,1.65977,0.407822,0
log_gains,2.47168,1.71195,0.415357,0
log_gains,2.50223,1.76117,0.422446,0
log_gains,2.53133,1.80774,0.429143,0
log_gains,2.55915,1.85195,0.435496,0
log_gains,2.58584,1.89402,0.441543,0
log_gains,2.61153,1.93415,0.447316,0
log_gains,2.63632,1.97252,0.452843,0
log_gains,2.6603,2.00927,0.458148,0
log_gains,2.68355,2.04454,0.463251,0
log_gains,2.70613,2.07843,0.46817,0
log_gains,2.72811,2.11106,0.472921,0
log_gains,2.74954,2.1425,0.477518,0
log_gains,2.77046,2.17285,0.481972,0
log_gains,2.79091,2.20216,0.486295,0
log_gains,2.81093,2.23052,0.490496,0
log_gains,2.83054,2.25798,0.494584,0
log_gains,2.84979,2.28459,0.498566,0
log_gains,2.86868,2.3104,0.50245,0
log_gains,2.88726,2.33545,0.506242,0
log_gains,2.90552,2.3598,0.509948,0
log_gains,2.92351,2.38347,0.513573,0
log_gains,2.94122,2.4065,0.517121,0
log_gains,2.95869,2.42893,0.520598,0
log_gains,2.97592,2.45078,0.524007,0
log_gains,2.99292,2.47208,0.527351,0
log_gains,3.00971,2.49285,0.530635,0
log_gains,3.0263,2.51313,0.53386,0
log_gains,3.04269,2.53293,0.537031,0
log_gains,3.05891,2.55227,0.54015,0
log_gains,3.07495,2.57118,0.543219,0
log_gains,3.09083,2.58967,0.546241,0
log_gains,3.10654,2.60776,0.549218,0
log_gains,3.12211,2.62546,0.552151,0
log_gains,3.13754,2.6428,0.555043,0
log_gains,3.15282,2.65977,0.557896,0
log_gains,3.16797,2.67641,0.56071,0
log_gains,3.183,2.69272,0.563488,0
log_gains,3.1979,2.70871,0.566231,0
log_gains,3.21269,2.7244,0.568941,0
log_gains,3.22736,2.73979,0.571618,0
log_gains,3.24192,2.7549,0.574264,0
log_gains,3.25638,2.76973,0.57688,0
log_gains,3.27073,2.7843,0.579466,0
log_gains,3.28499,2.79862,0.582025,0
log_gains,3.29915,2.81268,0.584557,0
log_gains,3.31322,2.82651,0.587063,0
log_gains,3.3272,2.8401,0.589544,0
log_gains,3.34109,2.85347,0.592,0
log_gains,3.35489,2.86662,0.594432,0
log_gains,3.36862,2.87956,0.596842,0
log_gains,3.38227,2.89229,0.599229,0
log_gains,3.39583,2.90483,0.601595,0
log_gains,3.40933,2.91717,0.603939,0
log_gains,3.42275,2.92933,0.606264,0
log_gains,3.43609,2.9413,0.608568,0
log_gains,3.44937,2.9531,0.610853,0
log_gains,3.46258,2.96472,0.61312,0
log_gains,3.47573,2.97618,0.615368,0
log_gains,3.48881,2.98747,0.617599,0
log_gains,3.50182,2.99861,0.619812,0
log_gains,3.51478,3.00959,0.622009,0
log_gains,3.52767,3.02042,0.624189,0
log_gains,3.5405,3.03111,0.626353,0
log_gains,3.55328,3.04165,0.628501,0
log_gains,3.566,3.05205,0.630634,0
log_gains,3.57866,3.06232,0.632753,0
log_gains,3.59127,3.07246,0.634856,0
log_gains,3.60383,3.08247,0.636945,0
log_gains,3.61633,3.09235,0.639021,0
log_gains,3.62878,3.1021,0.641082,0
log_gains,3.64118,3.11174,0.643131,0
log_gains,3.65353,3.12126,0.645166,0
log_gains,3.66583,3.13067,0.647189,0
log_gains,3.67809,3.13997,0.649199,0
log_gains,3.69029,3.14915,0.651196,0
log_gains,3.70245,3.15823,0.653182,0
log_gains,3.71457,3.16721,0.655156,0
log_gains,3.72664,3.17608,0.657118,0
log_gains,3.73866,3.18485,0.659069,0
log_gains,3.75064,3.19353,0.661009,0
log_gains,3.76258,3.20211,0.662938,0
log_gains,3.77448,3.21059,0.664856,0
log_gains,3.78633,3.21899,0.666763,0
log_gains,3.79815,3.22729,0.66866,0
log_gains,3.80992,3.23551,0.670547,0
log_gains,3.82165,3.24364,0.672424,0
log_gains,3.83335,3.25168,0.674291,0
log_gains,3.845,3.25965,0.676149,0
log_gains,3.85662,3.26753,0.677996,0
log_gains,3.86819,3.27533,0.679835,0
log_gains,3.87973,3.28306,0.681664,0
log_gains,3.89124,3.29071,0.683484,0
log_gains,3.9027,3.29828,0.685296,0
log_gains,3.91413,3.30578,0.687098,0
log_gains,3.92553,3.31321,0.688892,0
log_gains,3.93689,3.32057,0.690677,0
log_gains,3.94821,3.32785,0.692454,0
log_gains,3.9595,3.33507,0.694223,0
log_gains,3.97076,3.34223,0.695983,0
log_gains,3.98198,3.34932,0.697736,0
log_gains,3.99317,3.35634,0.69948,0
log_gains,4.00433,3.3633,0.701217,0
log_gains,4.01545,3.3702,0.702946,0
log_gains,4.02654,3.37703,0.704667,0
log_gains,4.0376,3.38381,0.706381,0
log_gains,4.04862,3.39053,0.708087,0
log_gains,4.05962,3.39719,0.709786,0
log_gains,4.07058,3.40379,0.711478,0
log_gains,4.08152,3.41034,0.713163,0
log_gains,4.09242,3.41683,0.71484,0
log_gains,4.10329,3.42326,0.716511,0
log_gains,4.11414,3.42965,0.718175,0
log_gains,4.12495,3.43598,0.719832,0
log_gains,4.13573,3.44226,0.721482,0
log_gains,4.14649,3.44849,0.723126,0
log_gains,4.15721,3.45467,0.724763,0
log_gains,4.16791,3.4608,0.726394,0
log_gains,4.17858,3.46688,0.728019,0
log_gains,4.18922,3.47292,0.729637,0
log_gains,4.19983,3.4789,0.731249,0
log_gains,4.21041,3.48485,0.732854,0
log_gains,4.22097,3.49074,0.734454,0
log_gains,4.2315,3.49659,0.736047,0
log_gains,4.242,3.5024,0.737635,0
log_gains,4.25248,3.50816,0.739217,0
log_gains,4.26293,3.51389,0.740792,0
log_gains,4.27335,3.51957,0.742363,0
log_gains,4.28375,3.5252,0.743927,0
log_gains,4.29412,3.5308,0.745486,0
log_gains,4.30446,3.53636,0.747039,0
log_gains,4.31478,3.54188,0.748586,0
log_gains,4.32508,3.54735,0.750128,0
log_gains,4.33534,3.55279,0.751665,0
log_gains,4.34559,3.55819,0.753196,0
log_gains,4.35581,3.56356,0.754722,0
log_gains,4.366,3.56889,0.756243,0
log_gains,4.37617,3.57418,0.757758,0
log_gains,4.38631,3.57943,0.759269,0
log_gains,4.39643,3.58465,0.760774,0
log_gains,4.40653,3.58984,0.762274,0
log_gains,4.4166,3.59499,0.763769,0
log_gains,4.42665,3.60011,0.765259,0
log_gains,4.43667,3.60519,0.766744,0
log_gains,4.44668,3.61024,0.768224,0
log_gains,4.45665,3.61526,0.7697,0
log_gains,4.46661,3.62024,0.77117,0
log_gains,4.47654,3.6252,0.772636,0
log_gains,4.48645,3.63012,0.774097,0
log_gains,4.49634,3.63501,0.775554,0
log_gains,4.5062,3.63987,0.777006,0
log_gains,4.51604,3.6447,0.778453,0
log_gains,4.52586,3.6495,0.779896,0
log_gains,4.53566,3.65427,0.781334,0
log_gains,4.54543,3.65902,0.782768,0
log_gains,4.55519,3.66373,0.784197,0
log_gains,4.56492,3.66842,0.785622,0
log_gains,4.57463,3.67307,0.787042,0
log_gains,4.58431,3.6777,0.788459,0
log_gains,4.59398,3.68231,0.78987,0
log_gains,4.60363,3.68688,0.791278,0
log_gains,4.61325,3.69143,0.792681,0
log_gains,4.62285,3.69596,0.794081,0
log_gains,4.63243,3.70045,0.795476,0
log_gains,4.642,3.70493,0.796867,0
log_gains,4.65154,3.70937,0.798254,0
log_gains,4.66106,3.71379,0.799636,0
log_gains,4.67056,3.71819,0.801015,0
log_gains,4.68004,3.72256,0.80239,0
log_gains,4.68949,3.72691,0.803761,0
log_gains,4.69893,3.73123,0.805127,0
log_gains,4.70835,3.73553,0.80649,0
log_gains,4.71775,3.73981,0.807849,0
log_gains,4.72713,3.74407,0.809205,0
log_gains,4.73649,3.7483,0.810556,0
log_gains,4.74583,3.75251,0.811904,0
log_gains,4.75515,3.75669,0.813247,0
log_gains,4.76445,3.76086,0.814587,0
log_gains,4.77373,3.765,0.815924,0
log_gains,4.78299,3.76912,0.817256,0
log_gains,4.79224,3.77322,0.818585,0
log_gains,4.80146,3.7773,0.819911,0
log_gains,4.81067,3.78136,0.821232,0
log_gains,4.81985,3.78539,0.822551,0
log_gains,4.82902,3.78941,0.823865,0
log_gains,4.83817,3.79341,0.825176,0
log_gains,4.8473,3.79738,0.826484,0
log_gains,4.85641,3.80134,0.827788,0
log_gains,4.8655,3.80528,0.829089,0
log_gains,4.87458,3.8092,0.830386,0
log_gains,4.88364,3.81309,0.831679,0
log_gains,4.89268,3.81697,0.83297,0
log_gains,4.9017,3.82083,0.834257,0
log_gains,4.9107,3.82468,0.83554,0
log_gains,4.91968,3.8285,0.836821,0
log_gains,4.92865,3.83231,0.838098,0
log_gains,4.9376,3.83609,0.839371,0
log_gains,4.94653,3.83986,0.840642,0
log_gains,4.95545,3.84362,0.841909,0
log_gains,4.96434,3.84735,0.843173,0
log_gains,4.97322,3.85107,0.844433,0
log_gains,4.98208,3.85477,0.845691,0
log_gains,4.99093,3.85845,0.846945,0
log_gains,4.99976,3.86212,0.848197,0
log_gains,5.00857,3.86577,0.849445,0
log_gains,5.01736,3.8694,0.85069,0
log_gains,5.02614,3.87302,0.851932,0
log_gains,5.0349,3.87662,0.85317,0
log_gains,5.04364,3.88021,0.854406,0
log_gains,5.05236,3.88378,0.855639,0
log_gains,5.06107,3.88733,0.856869,0
log_gains,5.06977,3.89087,0.858095,0
log_gains,5.07844,3.89439,0.859319,0
log_gains,5.0871,3.8979,0.86054,0
log_gains,5.09575,3.90139,0.861758,0
log_gains,5.10437,3.90487,0.862973,0
log_gains,5.11298,3.90833,0.864185,0
log_gains,5.12158,3.91178,0.865394,0
log_gains,5.13016,3.91521,0.8666,0
log_gains,5.13872,3.91863,0.867804,0
log_gains,5.14726,3.92204,0.869004,0
log_gains,5.1558,3.92543,0.870202,0
log_gains,5.16431,3.9288,0.871397,0
log_gains,5.17281,3.93217,0.872589,0
log_gains,5.18129,3.93551,0.873778,0
log_gains,5.18976,3.93885,0.874965,0
log_gains,5.19821,3.94217,0.876148,0
log_gains,5.20665,3.94548,0.877329,0
log_gains,5.21507,3.94877,0.878508,0
log_gains,5.22347,3.95206,0.879683,0
log_gains,5.23186,3.95532,0.880856,0
log_gains,5.24024,3.95858,0.882027,0
log_gains,5.2486,3.96182,0.883194,0
log_gains,5.25694,3.96505,0.884359,0
log_gains,5.26527,3.96827,0.885521,0
log_gains,5.27359,3.97148,0.886681,0
log_gains,5.28189,3.97467,0.887838,0
log_gains,5.29017,3.97785,0.888993,0
log_gains,5.29844,3.98102,0.890145,0
log_gains,5.3067,3.98417,0.891294,0
log_gains,5.31493,3.98732,0.892441,0
log_gains,5.32316,3.99045,0.893585,0
log_gains,5.33137,3.99357,0.894727,0
log_gains,5.33957,3.99668,0.895866,0
log_gains,5.34775,3.99977,0.897003,0
log_gains,5.35591,4.00286,0.898137,0
log_gains,5.36407,4.00593,0.899269,0
log_gains,5.3722,4.009,0.900398,0
log_gains,5.38033,4.01205,0.901525,0
log_gains,5.38844,4.01509,0.902649,0
log_gains,5.39653,4.01812,0.903771,0
log_gains,5.40461,4.02114,0.904891,0
log_gains,5.41268,4.02414,0.906008,0
log_gains,5.42073,4.02714,0.907122,0
log_gains,5.42877,4.03013,0.908235,0
log_gains,5.4368,4.0331,0.909345,0
log_gains,5.44481,4.03607,0.910452,0
log_gains,5.4528,4.03902,0.911558,0
log_gains,5.46079,4.04196,0.912661,0
log_gains,5.46876,4.0449,0.913761,0
log_gains,5.47671,4.04782,0.91486,0
log_gains,5.48465,4.05073,0.915956,0
log_gains,5.49258,4.05364,0.917049,0
log_gains,5.5005,4.05653,0.918141,0
log_gains,5.5084,4.05941,0.91923,0
log_gains,5.51628,4.06229,0.920317,0
log_gains,5.52416,4.06515,0.921402,0
log_gains,5.53202,4.06801,0.922484,0
log_gains,5.53987,4.07085,0.923564,0
log_gains,5.5477,4.07368,0.924642,0
log_gains,5.55552,4.07651,0.925718,0
log_gains,5.56333,4.07933,0.926791,0
log_gains,5.57112,4.08213,0.927863,0
log_gains,5.5789,4.08493,0.928932,0
log_gains,5.58667,4.08772,0.929999,0
log_gains,5.59443,4.0905,0.931064,0
log_gains,5.60217,4.09327,0.932127,0
log_gains,5.6099,4.09603,0.933187,0
log_gains,5.61761,4.09878,0.934246,0
log_gains,5.62532,4.10153,0.935302,0
log_gains,5.63301,4.10426,0.936356,0
log_gains,5.64068,4.10699,0.937408,0
log_gains,5.64835,4.1097,0.938458,0
log_gains,5.656,4.11241,0.939506,0
log_gains,5.66364,4.11511,0.940552,0
log_gains,5.67127,4.1178,0.941596,0
log_gains,5.67888,4.12049,0.942638,0
log_gains,5.68648,4.12316,0.943677,0
log_gains,5.69407,4.12583,0.944715,0
log_gains,5.70165,4.12849,0.945751,0
log_gains,5.70921,4.13114,0.946784,0
log_gains,5.71676,4.13378,0.947816,0
log_gains,5.7243,4.13641,0.948845,0
log_gains,5.73183,4.13904,0.949873,0
log_gains,5.73935,4.14165,0.950898,0
log_gains,5.74685,4.14426,0.951922,0
log_gains,5.75434,4.14687,0.952944,0
log_gains,5.76182,4.14946,0.953963,0
log_gains,5.76928,4.15205,0.954981,0
log_gains,5.77674,4.15463,0.955997,0
log_gains,5.78418,4.1572,0.957011,0
log_gains,5.79161,4.15976,0.958022,0
log_gains,5.79903,4.16232,0.959032,0
log_gains,5.80643,4.16486,0.96004,0
log_gains,5.81383,4.16741,0.961046,0
log_gains,5.82121,4.16994,0.962051,0
log_gains,5.82858,4.17247,0.963053,0
log_gains,5.83594,4.17498,0.964053,0
log_gains,5.84329,4.1775,0.965052,0
log_gains,5.85062,4.18,0.966049,0
log_gains,5.85794,4.1825,0.967043,0
log_gains,5.86526,4.18499,0.968036,0
log_gains,5.87256,4.18747,0.969027,0
log_gains,5.87985,4.18995,0.970017,0
log_gains,5.88712,4.19242,0.971004,0
log_gains,5.89439,4.19488,0.97199,0
log_gains,5.90164,4.19733,0.972973,0
log_gains,5.90888,4.19978,0.973955,0
log_gains,5.91612,4.20222,0.974935,0
log_gains,5.92334,4.20466,0.975914,0
log_gains,5.93054,4.20708,0.97689,0
log_gains,5.93774,4.20951,0.977865,0
log_gains,5.94493,4.21192,0.978838,0
log_gains,5.9521,4.21433,0.979809,0
log_gains,5.95927,4.21673,0.980778,0
log_gains,5.96642,4.21912,0.981746,0
log_gains,5.97356,4.22151,0.982712,0
log_gains,5.98069,4.2239,0.983676,0
log_gains,5.98781,4.22627,0.984639,0
log_gains,5.99492,4.22864,0.985599,0
log_gains,6.00201,4.231,0.986558,0
log_gains,6.0091,4.23336,0.987515,0
log_gains,6.01617,4.23571,0.988471,0
log_gains,6.02324,4.23805,0.989425,0
log_gains,6.03029,4.24039,0.990377,0
log_gains,6.03733,4.24272,0.991327,0
log_gains,6.04436,4.24505,0.992276,0
log_gains,6.05139,4.24737,0.993223,0
log_gains,6.05839,4.24968,0.994168,0
log_gains,6.06539,4.25199,0.995111,0
log_gains,6.07238,4.25429,0.996053,0
log_gains,6.07936,4.25659,0.996994,0
log_gains,6.08633,4.25888,0.997932,0
log_gains,6.09328,4.26116,0.998869,0
log_gains,6.10023,4.26344,0.999805,0
log_gains,6.10716,4.26571,1.00074,0
log_gains,6.11409,4.26798,1.00167,0
log_gains,6.121,4.27024,1.0026,0
log_gains,6.12791,4.2725,1.00353,0
log_gains,6.1348,4.27475,1.00446,0
log_gains,6.14168,4.27699,1.00538,0
log_gains,6.14855,4.27923,1.00631,0
log_gains,6.15542,4.28146,1.00723,0
log_gains,6.16227,4.28369,1.00815,0
log_gains,6.16911,4.28591,1.00907,0
log_gains,6.17594,4.28813,1.00999,0
log_gains,6.18276,4.29034,1.0109,0
log_gains,6.18957,4.29254,1.01182,0
log_gains,6.19637,4.29474,1.01273,0
log_gains,6.20316,4.29694,1.01364,0
log_gains,6.20994,4.29913,1.01455,0
log_gains,6.21671,4.30131,1.01546,0
log_gains,6.22347,4.30349,1.01636,0
log_gains,6.23022,4.30566,1.01727,0
log_gains,6.23696,4.30783,1.01817,0
log_gains,6.24369,4.30999,1.01908,0
log_gains,6.25041,4.31215,1.01998,0
log_gains,6.25712,4.31431,1.02087,0
log_gains,6.26382,4.31645,1.02177,0
log_gains,6.27051,4.3186,1.02267,0
log_gains,6.27719,4.32073,1.02356,0
log_gains,6.28386,4.32287,1.02446,0
log_gains,6.29052,4.32499,1.02535,0
log_gains,6.29717,4.32712,1.02624,0
log_gains,6.30381,4.32924,1.02712,0
log_gains,6.31044,4.33135,1.02801,0
log_gains,6.31706,4.33346,1.0289,0
log_gains,6.32367,4.33556,1.02978,0
log_gains,6.33027,4.33766,1.03066,0
log_gains,6.33686,4.33975,1.03154,0
log_gains,6.34345,4.34184,1.03242,0
log_gains,6.35002,4.34392,1.0333,0
log_gains,6.35658,4.346,1.03418,0
log_gains,6.36314,4.34808,1.03505,0
log_gains,6.36968,4.35015,1.03593,0
log_gains,6.37621,4.35221,1.0368,0
log_gains,6.38274,4.35427,1.03767,0
log_gains,6.38925,4.35633,1.03854,0
log_gains,6.39576,4.35838,1.03941,0
log_gains,6.40226,4.36043,1.04027,0
log_gains,6.40874,4.36247,1.04114,0
log_gains,6.41522,4.36451,1.042,0
log_gains,6.42169,4.36654,1.04287,0
log_gains,6.42815,4.36857,1.04373,0
log_gains,6.4346,4.3706,1.04459,0
log_gains,6.44104,4.37262,1.04544,0
log_gains,6.44747,4.37463,1.0463,0
log_gains,6.45389,4.37664,1.04716,0
log_gains,6.4603,4.37865,1.04801,0
log_gains,6.4667,4.38065,1.04886,0
log_gains,6.4731,4.38265,1.04971,0
log_gains,6.47948,4.38464,1.05056,0
log_gains,6.48586,4.38663,1.05141,0
log_gains,6.49223,4.38862,1.05226,0
log_gains,6.49858,4.3906,1.0531,0
log_gains,6.50493,4.39258,1.05395,0
log_gains,6.51127,4.39455,1.05479,0
log_gains,6.5176,4.39652,1.05563,0
log_gains,6.52392,4.39848,1.05647,0
log_gains,6.53023,4.40044,1.05731,0
log_gains,6.53654,4.4024,1.05815,0
log_gains,6.54283,4.40435,1.05899,0
log_gains,6.54912,4.4063,1.05982,0
log_gains,6.55539,4.40824,1.06065,0
log_gains,6.56166,4.41018,1.06149,0
log_gains,6.56792,4.41212,1.06232,0
log_gains,6.57417,4.41405,1.06315,0
log_gains,6.58041,4.41598,1.06397,0
log_gains,6.58664,4.4179,1.0648,0
log_gains,6.59286,4.41982,1.06563,0
log_gains,6.59908,4.42174,1.06645,0
log_gains,6.60528,4.42365,1.06727,0
log_gains,6.61148,4.42556,1.0681,0
log_gains,6.61767,4.42746,1.06892,0
log_gains,6.62385,4.42936,1.06974,0
log_gains,6.63002,4.43126,1.07055,0
log_gains,6.63618,4.43315,1.07137,0
log_gains,6.64234,4.43504,1.07219,0
log_gains,6.64848,4.43693,1.073,0
log_gains,6.65462,4.43881,1.07381,0
log_gains,6.66074,4.44068,1.07462,0
log_gains,6.66686,4.44256,1.07543,0
log_gains,6.67297,4.44443,1.07624,0
log_gains,6.67908,4.4463,1.07705,0
log_gains,6.68517,4.44816,1.07786,0
log_gains,6.69125,4.45002,1.07866,0
log_gains,6.69733,4.45187,1.07947,0
log_gains,6.7034,4.45372,1.08027,0
log_gains,6.70946,4.45557,1.08107,0
log_gains,6.71551,4.45742,1.08187,0
log_gains,6.72155,4.45926,1.08267,0
log_gains,6.72759,4.4611,1.08347,0
log_gains,6.73361,4.46293,1.08426,0
log_gains,6.73963,4.46476,1.08506,0
log_gains,6.74564,4.46659,1.08585,0
log_gains,6.75164,4.46841,1.08665,0
log_gains,6.75764,4.47023,1.08744,0
log_gains,6.76362,4.47205,1.08823,0
log_gains,6.7696,4.47386,1.08902,0
log_gains,6.77556,4.47567,1.0898,0
log_gains,6.78152,4.47748,1.09059,0
log_gains,6.78748,4.47928,1.09138,0
log_gains,6.79342,4.48108,1.09216,0
log_gains,6.79935,4.48287,1.09294,0
log_gains,6.80528,4.48466,1.09373,0
log_gains,6.8112,4.48645,1.09451,0
log_gains,6.81711,4.48824,1.09529,0
log_gains,6.82301,4.49002,1.09607,0
log_gains,6.82891,4.4918,1.09684,0
log_gains,6.83479,4.49358,1.09762,0
log_gains,6.84067,4.49535,1.09839,0
log_gains,6.84654,4.49712,1.09917,0
log_gains,6.85241,4.49888,1.09994,0
log_gains,6.85826,4.50065,1.10071,0
log_gains,6.86411,4.50241,1.10148,0
log_gains,6.86995,4.50416,1.10225,0
log_gains,6.87578,4.50592,1.10302,0
log_gains,6.8816,4.50766,1.10378,0
log_gains,6.88741,4.50941,1.10455,0
log_gains,6.89322,4.51115,1.10531,0
log_gains,6.89902,4.51289,1.10608,0
log_gains,6.90481,4.51463,1.10684,0
log_gains,6.91059,4.51637,1.1076,0
log_gains,6.91637,4.5181,1.10836,0
log_gains,6.92214,4.51982,1.10912,0
log_gains,6.92789,4.52155,1.10988,0
log_gains,6.93365,4.52327,1.11063,0
log_gains,6.93939,4.52499,1.11139,0
log_gains,6.94513,4.5267,1.11214,0
log_gains,6.95086,4.52842,1.1129,0
log_gains,6.95658,4.53013,1.11365,0
log_gains,6.96229,4.53183,1.1144,0
log_gains,6.96799,4.53354,1.11515,0
log_gains,6.97369,4.53524,1.1159,0
log_gains,6.97938,4.53693,1.11664,0
log_gains,6.98506,4.53863,1.11739,0
log_gains,6.99074,4.54032,1.11814,0
log_gains,6.99641,4.54201,1.11888,0
log_gains,7.00207,4.54369,1.11962,0
log_gains,7.00772,4.54537,1.12037,0
log_gains,7.01336,4.54705,1.12111,0
log_gains,7.019,4.54873,1.12185,0
log_gains,7.01336,4.54705,1.12111,0
log_gains,1.8048,0.912668,0.863807,0
log_gains,1.99608,1.09347,0.55977,0
log_gains,2.10323,1.21571,0.3747,0
log_gains,2.18327,1.31002,0.645159,0
log_gains,2.27276,1.40523,0.462623,0
log_gains,2.32857,1.48048,0.389512,0
log_gains,2.36886,1.54485,0.390726,0
log_gains,2.40526,1.60422,0.399788,0
log_gains,2.43944,1.65977,0.407822,0
log_gains,2.47168,1.71195,0.415357,0
log_gains,2.50223,1.76117,0.422446,0
log_gains,2.53133,1.80774,0.429143,0
log_gains,2.55915,1.85195,0.435496,0
log_gains,2.58584,1.89402,0.441543,0
log_gains,2.61153,1.93415,0.447316,0
log_gains,2.63632,1.97252,0.452843,0
log_gains,2.6603,2.00927,0.458148,0
log_gains,2.68355,2.04454,0.463251,0
log_gains,2.70613,2.07843,0.46817,0
log_gains,2.72811,2.11106,0.472921,0
log_gains,2.74954,2.1425,0.477518,0
log_gains,2.77046,2.17285,0.481972,0
log_gains,2.79091,2.20216,0.486295,0
log_gains,2.81093,2.23052,0.490496,0
log_gains,2.83054,2.25798,0.494584,0
log_gains,2.84979,2.28459,0.498566,0
log_gains,2.86868,2.3104,0.50245,0
log_gains,2.88726,2.33545,0.506242,0
log_gains,2.90552,2.3598,0.509948,0
log_gains,2.92351,2.38347,0.513573,0
log_gains,2.94122,2.4065,0.517121,0
log_gains,2.95869,2.42893,0.520598,0
log_gains,2.97592,2.45078,0.524007,0
log_gains,2.99292,2.47208,0.527351,0
log_gains,3.00971,2.49285,0.530635,0
log_gains,3.0263,2.51313,0.53386,0
log_gains,3.04269,2.53293,0.537031,0
log_gains,3.05891,2.55227,0.54015,0
log_gains,3.07495,2.57118,0.543219,0
log_gains,3.09083,2.58967,0.546241,0
log_gains,3.10654,2.60776,0.549218,0
log_gains,3.12211,2.62546,0.552151,0
log_gains,3.13754,2.6428,0.555043,0
log_gains,3.15282,2.65977,0.557896,0
log_gains,3.16797,2.67641,0.56071,0
log_gains,3.183,2.69272,0.563488,0
log_gains,3.1979,2.70871,0.566231,0
log_gains,3.21269,2.7244,0.568941,0
log_gains,3.22736,2.73979,0.571618,0
log_gains,3.24192,2.7549,0.574264,0
log_gains,3.25638,2.76973,0.57688,0
log_gains,3.27073,2.7843,0.579466,0
log_gains,3.28499,2.79862,0.582025,0
log_gains,3.29915,2.81268,0.584557,0
log_gains,3.31322,2.82651,0.587063,0
log_gains,3.3272,2.8401,0.589544,0
log_gains,3.34109,2.85347,0.592,0
log_gains,3.35489,2.86662,0.594432,0
log_gains,3.36862,2.87956,0.596842,0
log_gains,3.38227,2.89229,0.599229,0
log_gains,3.39583,2.90483,0.601595,0
log_gains,3.40933,2.91717,0.603939,0
log_gains,3.42275,2.92933,0.606264,0
log_gains,3.43609,2.9413,0.608568,0
log_gains,3.44937,2.9531,0.610853,0
log_gains,3.46258,2.96472,0.61312,0
log_gains,3.47573,2.97618,0.615368,0
log_gains,3.48881,2.98747,0.617599,0
log_gains,3.50182,2.99861,0.619812,0
log_gains,3.51478,3.00959,0.622009,0
log_gains,3.52767,3.02042,0.624189,0
log_gains,3.5405,3.03111,0.626353,0
log_gains,3.55328,3.04165,0.628501,0
log_gains,3.566,3.05205,0.630634,0
log_gains,3.57866,3.06232,0.632753,0
log_gains,3.59127,3.07246,0.634856,0
log_gains,3.60383,3.08247,0.636945,0
log_gains,3.61633,3.09235,0.639021,0
log_gains,3.62878,3.1021,0.641082,0
log_gains,3.64118,3.11174,0.643131,0
log_gains,3.65353,3.12126,0.645166,0
log_gains,3.66583,3.13067,0.647189,0
log_gains,3.67809,3.13997,0.649199,0
log_gains,3.69029,3.14915,0.651196,0
log_gains,3.70245,3.15823,0.653182,0
log_gains,3.71457,3.16721,0.655156,0
log_gains,3.72664,3.17608,0.657118,0
log_gains,3.73866,3.18485,0.659069,0
log_gains,3.75064,3.19353,0.661009,0
log_gains,3.76258,3.20211,0.662938,0
log_gains,3.77448,3.21059,0.664856,0
log_gains,3.78633,3.21899,0.666763,0
log_gains,3.79815,3.22729,0.66866,0
log_gains,3.80992,3.23551,0.670547,0
log_gains,3.82165,3.24364,0.672424,0
log_gains,3.83335,3.25168,0.674291,0
log_gains,3.845,3.25965,0.676149,0
log_gains,3.85662,3.26753,0.677996,0
log_gains,3.86819,3.27533,0.679835,0
log_gains,3.87973,3.28306,0.681664,0
log_gains,3.89124,3.29071,0.683484,0
log_gains,3.9027,3.29828,0.685296,0
log_gains,3.91413,3.30578,0.687098,0
log_gains,3.92553,3.31321,0.688892,0
log_gains,3.93689,3.32057,0.690677,0
log_gains,3.94821,3.32785,0.692454,0
log_gains,3.9595,3.33507,0.694223,0
log_gains,3.97076,3.34223,0.695983,0
log_gains,3.98198,3.34932,0.697736,0
log_gains,3.99317,3.35634,0.69948,0
log_gains,4.00433,3.3633,0.701217,0
log_gains,4.01545,3.3702,0.702946,0
log_gains,4.02654,3.37703,0.704667,0
log_gains,4.0376,3.38381,0.706381,0
log_gains,4.04862,3.39053,0.708087,0
log_gains,4.05962,3.39719,0.709786,0
log_gains,4.07058,3.40379,0.711478,0
log_gains,4.08152,3.41034,0.713163,0
log_gains,4.09242,3.41683,0.71484,0
log_gains,4.10329,3.42326,0.716511,0
log_gains,4.11414,3.42965,0.718175,0
log_gains,4.12495,3.43598,0.719832,0
log_gains,4.13573,3.44226,0.721482,0
log_gains,4.14649,3.44849,0.723126,0
log_gains,4.15721,3.45467,0.724763,0
log_gains,4.16791,3.4608,0.726394,0
log_gains,4.17858,3.46688,0.728019,0
log_gains,4.18922,3.47292,0.729637,0
log_gains,4.19983,3.4789,0.731249,0
log_gains,4.21041,3.48485,0.732854,0
log_gains,4.22097,3.49074,0.734454,0
log_gains,4.2315,3.49659,0.736047,0
log_gains,4.242,3.5024,0.737635,0
log_gains,4.25248,3.50816,0.739217,0
log_gains,4.26293,3.51389,0.740792,0
log_gains,4.27335,3.51957,0.742363,0
log_gains,4.28375,3.5252,0.743927,0
log_gains,4.29412,3.5308,0.745486,0
log_gains,4.30446,3.53636,0.747039,0
log_gains,4.31478,3.54188,0.748586,0
log_gains,4.32508,3.54735,0.750128,0
log_gains,4.33534,3.55279,0.751665,0
log_gains,4.34559,3.55819,0.753196,0
log_gains,4.35581,3.56356,0.754722,0
log_gains,4.366,3.56889,0.756243,0
log_gains,4.37617,3.57418,0.757758,0
log_gains,4.38631,3.57943,0.759269,0
log_gains,4.39643,3.58465,0.760774,0
log_gains,4.40653,3.58984,0.762274,0
log_gains,4.4166,3.59499,0.763769,0
log_gains,4.42665,3.60011,0.765259,0
log_gains,4.43667,3.60519,0.766744,0
log_gains,4.44668,3.61024,0.768224,0
log_gains,4.45665,3.61526,0.7697,0
log_gains,4.46661,3.62024,0.77117,0
log_gains,4.47654,3.6252,0.772636,0
log_gains,4.48645,3.63012,0.774097,0
log_gains,4.49634,3.63501,0.775554,0
log_gains,4.5062,3.63987,0.777006,0
log_gains,4.51604,3.6447,0.778453,0
log_gains,4.52586,3.6495,0.779896,0
log_gains,4.53566,3.65427,0.781334,0
log_gains,4.54543,3.65902,0.782768,0
log_gains,4.55519,3.66373,0.784197,0
log_gains,4.56492,3.66842,0.785622,0
log_gains,4.57463,3.67307,0.787042,0
log_gains,4.58431,3.6777,0.788459,0
log_gains,4.59398,3.68231,0.78987,0
log_gains,4.60363,3.68688,0.791278,0
log_gains,4.61325,3.69143,0.792681,0
log_gains,4.62285,3.69596,0.794081,0
log_gains,4.63243,3.70045,0.795476,0
log_gains,4.642,3.70493,0.796867,0
log_gains,4.65154,3.70937,0.798254,0
log_gains,4.66106,3.71379,0.799636,0
log_gains,4.67056,3.71819,0.801015,0
log_gains,4.68004,3.72256,0.80239,0
log_gains,4.68949,3.72691,0.803761,0
log_gains,4.69893,3.73123,0.805127,0
log_gains,4.70835,3.73553,0.80649,0
log_gains,4.71775,3.73981,0.807849,0
log_gains,4.72713,3.74407,0.809205,0
log_gains,4.73649,3.7483,0.810556,0
log_gains,4.74583,3.75251,0.811904,0
log_gains,4.75515,3.75669,0.813247,0
log_gains,4.76445,3.76086,0.814587,0
log_gains,4.77373,3.765,0.815924,0
log_gains,4.78299,3.76912,0.817256,0
log_gains,4.79224,3.77322,0.818585,0
log_gains,4.80146,3.7773,0.819911,0
log_gains,4.81067,3.78136,0.821232,0
log_gains,4.81985,3.78539,0.822551,0
log_gains,4.82902,3.78941,0.823865,0
log_gains,4.83817,3.79341,0.825176,0
log_gains,4.8473,3.79738,0.826484,0
log_gains,4.85641,3.80134,0.827788,0
log_gains,4.8655,3.80528,0.829089,0
log_gains,4.87458,3.8092,0.830386,0
log_gains,4.88364,3.81309,0.831679,0
log_gains,4.89268,3.81697,0.83297,0
log_gains,4.9017,3.82083,0.834257,0
log_gains,4.9107,3.82468,0.83554,0
log_gains,4.91968,3.8285,0.836821,0
log_gains,4.92865,3.83231,0.838098,0
log_gains,4.9376,3.83609,0.839371,0
log_gains,4.94653,3.83986,0.840642,0
log_gains,4.95545,3.84362,0.841909,0
log_gains,4.96434,3.84735,0.843173,0
log_gains,4.97322,3.85107,0.844433,0
log_gains,4.98208,3.85477,0.845691,0
log_gains,4.99093,3.85845,0.846945,0
log_gains,4.99976,3.86212,0.848197,0
log_gains,5.00857,3.86577,0.849445,0
log_gains,5.01736,3.8694,0.85069,0
log_gains,5.02614,3.87302,0.851932,0
log_gains,5.0349,3.87662,0.85317,0
log_gains,5.04364,3.88021,0.854406,0
log_gains,5.05236,3.88378,0.855639,0
log_gains,5.06107,3.88733,0.856869,0
log_gains,5.06977,3.89087,0.858095,0
log_gains,5.07844,3.89439,0.859319,0
log_gains,5.0871,3.8979,0.86054,0
log_gains,5.09575,3.90139,0.861758,0
log_gains,5.10437,3.90487,0.862973,0
log_gains,5.11298,3.90833,0.864185,0
log_gains,5.12158,3.91178,0.865394,0
log_gains,5.13016,3.91521,0.8666,0
log_gains,5.13872,3.91863,0.867804,0
log_gains,5.14726,3.92204,0.869004,0
log_gains,5.1558,3.92543,0.870202,0
log_gains,5.16431,3.9288,0.871397,0
log_gains,5.17281,3.93217,0.872589,0
log_gains,5.18129,3.93551,0.873778,0
log_gains,5.18976,3.93885,0.874965,0
log_gains,5.19821,3.94217,0.876148,0
log_gains,5.20665,3.94548,0.877329,0
log_gains,5.21507,3.94877,0.878508,0
log_gains,5.22347,3.95206,0.879683,0
log_gains,5.23186,3.95532,0.880856,0
log_gains,5.24024,3.95858,0.882027,0
log_gains,5.2486,3.96182,0.883194,0
log_gains,5.25694,3.96505,0.884359,0
log_gains,5.26527,3.96827,0.885521,0
log_gains,5.27359,3.97148,0.886681,0
log_gains,5.28189,3.97467,0.887838,0
log_gains,5.29017,3.97785,0.888993,0
log_gains,5.29844,3.98102,0.890145,0
log_gains,5.3067,3.98417,0.891294,0
log_gains,5.31493,3.98732,0.892441,0
log_gains,5.32316,3.99045,0.893585,0
log_gains,5.33137,3.99357,0.894727,0
log_gains,5.33957,3.99668,0.895866,0
log_gains,5.34775,3.99977,0.897003,0
log_gains,5.35591,4.00286,0.898137,0
log_gains,5.36407,4.00593,0.899269,0
log_gains,5.3722,4.009,0.900398,0
log_gains,5.38033,4.01205,0.901525,0
log_gains,5.38844,4.01509,0.902649,0
log_gains,5.39653,4.01812,0.903771,0
log_gains,5.40461,4.02114,0.904891,0
log_gains,5.41268,4.02414,0.906008,0
log_gains,5.42073,4.02714,0.907122,0
log_gains,5.42877,4.03013,0.908235,0
log_gains,5.4368,4.0331,0.909345,0
log_gains,5.44481,4.03607,0.910452,0
log_gains,5.4528,4.03902,0.911558,0
log_gains,5.46079,4.04196,0.912661,0
log_gains,5.46876,4.0449,0.913761,0
log_gains,5.47671,4.04782,0.91486,0
log_gains,5.48465,4.05073,0.915956,0
log_gains,5.49258,4.05364,0.917049,0
log_gains,5.5005,4.05653,0.918141,0
log_gains,5.5084,4.05941,0.91923,0
log_gains,5.51628,4.06229,0.920317,0
log_gains,5.52416,4.06515,0.921402,0
log_gains,5.53202,4.06801,0.922484,0
log_gains,5.53987,4.07085,0.923564,0
log_gains,5.5477,4.07368,0.924642,0
log_gains,5.55552,4.07651,0.925718,0
log_gains,5.56333,4.07933,0.926791,0
log_gains,5.57112,4.08213,0.927863,0
log_gains,5.5789,4.08493,0.928932,0
log_gains,5.58667,4.08772,0.929999,0
log_gains,5.59443,4.0905,0.931064,0
log_gains,5.60217,4.09327,0.932127,0
log_gains,5.6099,4.09603,0.933187,0
log_gains,5.61761,4.09878,0.934246,0
log_gains,5.62532,4.10153,0.935302,0
log_gains,5.63301,4.10426,0.936356,0
log_gains,5.64068,4.10699,0.937408,0
log_gains,5.64835,4.1097,0.938458,0
log_gains,5.656,4.11241,0.939506,0
log_gains,5.66364,4.11511,0.940552,0
log_gains,5.67127,4.1178,0.941596,0
log_gains,5.67888,4.12049,0.942638,0
log_gains,5.68648,4.12316,0.943677,0
log_gains,5.69407,4.12583,0.944715,0
log_gains,5.70165,4.12849,0.945751,0
log_gains,5.70921,4.13114,0.946784,0
log_gains,5.71676,4.13378,0.947816,0
log_gains,5.7243,4.13641,0.948845,0
log_gains,5.73183,4.13904,0.949873,0
log_gains,5.73935,4.14165,0.950898,0
log_gains,5.74685,4.14426,0.951922,0
log_gains,5.75434,4.14687,0.952944,0
log_gains,5.76182,4.14946,0.953963,0
log_gains,5.76928,4.15205,0.954981,0
log_gains,5.77674,4.15463,0.955997,0
log_gains,5.78418,4.1572,0.957011,0
log_gains,5.79161,4.15976,0.958022,0
log_gains,5.79903,4.16232,0.959032,0
log_gains,5.80643,4.16486,0.96004,0
log_gains,5.81383,4.16741,0.961046,0
log_gains,5.82121,4.16994,0.962051,0
log_gains,5.82858,4.17247,0.963053,0
log_gains,5.83594,4.17498,0.964053,0
log_gains,5.84329,4.1775,0.965052,0
log_gains,5.85062,4.18,0.966049,0
log_gains,5.85794,4.1825,0.967043,0
log_gains,5.86526,4.18499,0.968036,0
log_gains,5.87256,4.18747,0.969027,0
log_gains,5.87985,4.18995,0.970017,0
log_gains,5.88712,4.19242,0.971004,0
log_gains,5.89439,4.19488,0.97199,0
log_gains,5.90164,4.19733,0.972973,0
log_gains,5.90888,4.19978,0.973955,0
log_gains,5.91612,4.20222,0.974935,0
log_gains,5.92334,4.20466,0.975914,0
log_gains,5.93054,4.20708,0.97689,0
log_gains,5.93774,4.20951,0.977865,0
log_gains,5.94493,4.21192,0.978838,0
log_gains,5.9521,4.21433,0.979809,0
log_gains,5.95927,4.21673,0.980778,0
log_gains,5.96642,4.21912,0.981746,0
log_gains,5.97356,4.22151,0.982712,0
log_gains,5.98069,4.2239,0.983676,0
log_gains,5.98781,4.22627,0.984639,0
log_gains,5.99492,4.22864,0.985599,0
log_gains,6.00201,4.231,0.986558,0
log_gains,6.0091,4.23336,0.987515,0
log_gains,6.01617,4.23571,0.988471,0
log_gains,6.02324,4.23805,0.989425,0
log_gains,6.03029,4.24039,0.990377,0
log_gains,6.03733,4.24272,0.991327,0
log_gains,6.04436,4.24505,0.992276,0
log_gains,6.05139,4.24737,0.993223,0
log_gains,6.05839,4.24968,0.994168,0
log_gains,6.06539,4.25199,0.995111,0
log_gains,6.07238,4.25429,0.996053,0
log_gains,6.07936,4.25659,0.996994,0
log_gains,6.08633,4.25888,0.997932,0
log_gains,6.09328,4.26116,0.998869,0
log_gains,6.10023,4.26344,0.999805,0
log_gains,6.10716,4.26571,1.00074,0
log_gains,6.11409,4.26798,1.00167,0
log_gains,6.121,4.27024,1.0026,0
log_gains,6.12791,4.2725,1.00353,0
log_gains,6.1348,4.27475,1.00446,0
log_gains,6.14168,4.27699,1.00538,0
log_gains,6.14855,4.27923,1.00631,0
log_gains,6.15542,4.28146,1.00723,0
log_gains,6.16227,4.28369,1.00815,0
log_gains,6.16911,4.28591,1.00907,0
log_gains,6.17594,4.28813,1.00999,0
log_gains,6.18276,4.29034,1.0109,0
log_gains,6.18957,4.29254,1.01182,0
log_gains,6.19637,4.29474,1.01273,0
log_gains,6.20316,4.29694,1.01364,0
log_gains,6.20994,4.29913,1.01455,0
log_gains,6.21671,4.30131,1.01546,0
log_gains,6.22347,4.30349,1.01636,0
log_gains,6.23022,4.30566,1.01727,0
log_gains,6.23696,4.30783,1.01817,0
log_gains,6.24369,4.30999,1.01908,0
log_gains,6.25041,4.31215,1.01998,0
log_gains,6.25712,4.31431,1.02087,0
log_gains,6.26382,4.31645,1.02177,0
log_gains,6.27051,4.3186,1.02267,0
log_gains,6.27719,4.32073,1.02356,0
log_gains,6.28386,4.32287,1.02446,0
log_gains,6.29052,4.32499,1.02535,0
log_gains,6.29717,4.32712,1.02624,0
log_gains,6.30381,4.32924,1.02712,0
log_gains,6.31044,4.33135,1.02801,0
log_gains,6.31706,4.33346,1.0289,0
log_gains,6.32367,4.33556,1.02978,0
log_gains,6.33027,4.33766,1.03066,0
log_gains,6.33686,4.33975,1.03154,0
log_gains,6.34345,4.34184,1.03242,0
log_gains,6.35002,4.34392,1.0333,0
log_gains,6.35658,4.346,1.03418,0
log_gains,6.36314,4.34808,1.03505,0
log_gains,6.36968,4.35015,1.03593,0
log_gains,6.37621,4.35221,1.0368,0
log_gains,6.38274,4.35427,1.03767,0
log_gains,6.38925,4.35633,1.03854,0
log_gains,6.39576,4.35838,1.03941,0
log_gains,6.40226,4.36043,1.04027,0
log_gains,6.40874,4.36247,1.04114,0
log_gains,6.41522,4.36451,1.042,0
log_gains,6.42169,4.36654,1.04287,0
log_gains,6.42815,4.36857,1.04373,0
log_gains,6.4346,4.3706,1.04459,0
log_gains,6.44104,4.37262,1.04544,0
log_gains,6.44747,4.37463,1.0463,0
log_gains,6.45389,4.37664,1.04716,0
log_gains,6.4603,4.37865,1.04801,0
log_gains,6.4667,4.38065,1.04886,0
log_gains,6.4731,4.38265,1.04971,0
log_gains,6.47948,4.38464,1.05056,0
log_gains,6.48586,4.38663,1.05141,0
log_gains,6.49223,4.38862,1.05226,0
log_gains,6.49858,4.3906,1.0531,0
log_gains,6.50493,4.39258,1.05395,0
log_gains,6.51127,4.39455,1.05479,0
log_gains,6.5176,4.39652,1.05563,0
log_gains,6.52392,4.39848,1.05647,0
log_gains,6.53023,4.40044,1.05731,0
log_gains,6.53654,4.4024,1.05815,0
log_gains,6.54283,4.40435,1.05899,0
log_gains,6.54912,4.4063,1.05982,0
log_gains,6.55539,4.40824,1.06065,0
log_gains,6.56166,4.41018,1.06149,0
log_gains,6.56792,4.41212,1.06232,0
log_gains,6.57417,4.41405,1.06315,0
log_gains,6.58041,4.41598,1.06397,0
log_gains,6.58664,4.4179,1.0648,0
log_gains,6.59286,4.41982,1.06563,0
log_gains,6.59908,4.42174,1.06645,0
log_gains,6.60528,4.42365,1.06727,0
log_gains,6.61148,4.42556,1.0681,0
log_gains,6.61767,4.42746,1.06892,0
log_gains,6.62385,4.42936,1.06974,0
log_gains,6.63002,4.43126,1.07055,0
log_gains,6.63618,4.43315,1.07137,0
log_gains,6.64234,4.43504,1.07219,0
log_gains,6.64848,4.43693,1.073,0
log_gains,6.65462,4.43881,1.07381,0
log_gains,6.66074,4.44068,1.07462,0
log_gains,6.66686,4.44256,1.07543,0
log_gains,6.67297,4.44443,1.07624,0
log_gains,6.67908,4.4463,1.07705,0
log_gains,6.68517,4.44816,1.07786,0
log_gains,6.69125,4.45002,1.07866,0
log_gains,6.69733,4.45187,1.07947,0
log_gains,6.7034,4.45372,1.08027,0
log_gains,6.70946,4.45557,1.08107,0
log_gains,6.71551,4.45742,1.08187,0
log_gains,6.72155,4.45926,1.08267,0
log_gains,6.72759,4.4611,1.08347,0
log_gains,6.73361,4.46293,1.08426,0
log_gains,6.73963,4.46476,1.08506,0
log_gains,6.74564,4.46659,1.08585,0
log_gains,6.75164,4.46841,1.08665,0
log_gains,6.75764,4.47023,1.08744,0
log_gains,6.76362,4.47205,1.08823,0
log_gains,6.7696,4.47386,1.08902,0
log_gains,6.77556,4.47567,1.0898,0
log_gains,6.78152,4.47748,1.09059,0
log_gains,6.78748,4.47928,1.09138,0
log_gains,6.79342,4.48108,1.09216,0
log_gains,6.79935,4.48287,1.09294,0
log_gains,6.80528,4.48466,1.09373,0
log_gains,6.8112,4.48645,1.09451,0
log_gains,6.81711,4.48824,1.09529,0
log_gains,6.82301,4.49002,1.09607,0
log_gains,6.82891,4.4918,1.09684,0
log_gains,6.83479,4.49358,1.09762,0
log_gains,6.84067,4.49535,1.09839,0
log_gains,6.84654,4.49712,1.09917,0
log_gains,6.85241,4.49888,1.09994,0
log_gains,6.85826,4.50065,1.10071,0
log_gains,6.86411,4.50241,1.10148,0
log_gains,6.86995,4.50416,1.10225,0
log_gains,6.87578,4.50592,1.10302,0
log_gains,6.8816,4.50766,1.10378,0
log_gains,6.88741,4.50941,1.10455,0
log_gains,6.89322,4.51115,1.10531,0
log_gains,6.89902,4.51289,1.10608,0
log_gains,6.90481,4.51463,1.10684,0
log_gains,6.91059,4.51637,1.1076,0
log_gains,6.91637,4.5181,1.10836,0
log_gains,6.92214,4.51982,1.10912,0
log_gains,6.92789,4.52155,1.10988,0
log_gains,6.93365,4.52327,1.11063,0
log_gains,6.93939,4.52499,1.11139,0
log_gains,6.94513,4.5267,1.11214,0
log_gains,6.95086,4.52842,1.1129,0
log_gains,6.95658,4.53013,1.11365,0
log_gains,6.96229,4.53183,1.1144,0
log_gains,6.96799,4.53354,1.11515,0
log_gains,6.97369,4.53524,1.1159,0
log_gains,6.97938,4.53693,1.11664,0
log_gains,6.98506,4.53863,1.11739,0
log_gains,6.99074,4.54032,1.11814,0
log_gains,6.99641,4.54201,1.11888,0
log_gains,7.00207,4.54369,1.11962,0
log_gains,7.00772,4.54537,1.12037,0
log_gains,7.01336,4.54705,1.12111,0
log_gains,7.019,4.54873,1.12185,0
log_gains,7.01336,4.54705,1.12111,0
log_gains,1.8048,0.912668,0.863807,0
log_gains,1.99608,1.09347,0.55977,0
log_gains,2.10323,1.21571,0.3747,0
log_gains,2.18327,1.31002,0.645159,0
log_gains,2.27276,1.40523,0.462623,0
log_gains,2.32857,1.48048,0.389512,0
log_gains,2.36886,1.54485,0.390726,0
log_gains,2.40526,1.60422,0.399788,0
log_gains,2.43944,1.65977,0.407822,0
log_gains,2.47168,1.71195,0.415357,0
log_gains,2.50223,1.76117,0.422446,0
log_gains,2.53133,1.80774,0.429143,0
log_gains,2.55915,1.85195,0.435496,0
log_gains,2.58584,1.89402,0.441543,0
log_gains,2.61153,1.93415,0.447316,0
log_gains,2.63632,1.97252,0.452843,0
log_gains,2.6603,2.00927,0.458148,0
log_gains,2.68355,2.04454,0.463251,0
log_gains,2.70613,2.07843,0.46817,0
log_gains,2.72811,2.11106,0.472921,0
log_gains,2.74954,2.1425,0.477518,0
log_gains,2.77046,2.17285,0.481972,0
log_gains,2.79091,2.20216,0.486295,0
log_gains,2.81093,2.23052,0.490496,0
log_gains,2.83054,2.25798,0.494584,0
log_gains,2.84979,2.28459,0.498566,0
log_gains,2.86868,2.3104,0.50245,0
log_gains,2.88726,2.33545,0.506242,0
log_gains,2.90552,2.3598,0.509948,0
log_gains,2.92351,2.38347,0.513573,0
log_gains,2.94122,2.4065,0.517121,0
log_gains,2.95869,2.42893,0.520598,0
log_gains,2.97592,2.45078,0.524007,0
log_gains,2.99292,2.47208,0.527351,0
log_gains,3.00971,2.49285,0.530635,0
log_gains,3.0263,2.51313,0.53386,0
log_gains,3.04269,2.53293,0.537031,0
log_gains,3.05891,2.55227,0.54015,0
log_gains,3.07495,2.57118,0.543219,0
log_gains,3.09083,2.58967,0.546241,0
log_gains,3.10654,2.60776,0.549218,0
log_gains,3.12211,2.62546,0.552151,0
log_gains,3.13754,2.6428,0.555043,0
log_gains,3.15282,2.65977,0.557896,0
log_gains,3.16797,2.67641,0.56071,0
log_gains,3.183,2.69272,0.563488,0
log_gains,3.1979,2.70871,0.566231,0
log_gains,3.21269,2.7244,0.568941,0
log_gains,3.22736,2.73979,0.571618,0
log_gains,3.24192,2.7549,0.574264,0
log_gains,3.25638,2.76973,0.57688,0
log_gains,3.27073,2.7843,0.579466,0
log_gains,3.28499,2.79862,0.582025,0
log_gains,3.29915,2.81268,0.584557,0
log_gains,3.31322,2.82651,0.587063,0
log_gains,3.3272,2.8401,0.589544,0
log_gains,3.34109,2.85347,0.592,0
log_gains,3.35489,2.86662,0.594432,0
log_gains,3.36862,2.87956,0.596842,0
log_gains,3.38227,2.89229,0.599229,0
log_gains,3.39583,2.90483,0.601595,0
log_gains,3.40933,2.91717,0.603939,0
log_gains,3.42275,2.92933,0.606264,0
log_gains,3.43609,2.9413,0.608568,0
log_gains,3.44937,2.9531,0.610853,0
log_gains,3.46258,2.96472,0.61312,0
log_gains,3.47573,2.97618,0.615368,0
log_gains,3.48881,2.98747,0.617599,0
log_gains,3.50182,2.99861,0.619812,0
log_gains,3.51478,3.00959,0.622009,0
log_gains,3.52767,3.02042,0.624189,0
log_gains,3.5405,3.03111,0.626353,0
log_gains,3.55328,3.04165,0.628501,0
log_gains,3.566,3.05205,0.630634,0
log_gains,3.57866,3.06232,0.632753,0
log_gains,3.59127,3.07246,0.634856,0
log_gains,3.60383,3.08247,0.636945,0
log_gains,3.61633,3.09235,0.639021,0
log_gains,3.62878,3.1021,0.641082,0
log_gains,3.64118,3.11174,0.643131,0
log_gains,3.65353,3.12126,0.645166,0
log_gains,3.66583,3.13067,0.647189,0
log_gains,3.67809,3.13997,0.649199,0
log_gains,3.69029,3.14915,0.651196,0
log_gains,3.70245,3.15823,0.653182,0
log_gains,3.71457,3.16721,0.655156,0
log_gains,3.72664,3.17608,0.657118,0
log_gains,3.73866,3.18485,0.659069,0
log_gains,3.75064,3.19353,0.661009,0
log_gains,3.76258,3.20211,0.662938,0
log_gains,3.77448,3.21059,0.664856,0
log_gains,3.78633,3.21899,0.666763,0
log_gains,3.79815,3.22729,0.66866,0
log_gains,3.80992,3.23551,0.670547,0
log_gains,3.82165,3.24364,0.672424,0
log_gains,3.83335,3.25168,0.674291,0
log_gains,3.845,3.25965,0.676149,0
log_gains,3.85662,3.26753,0.677996,0
log_gains,3.86819,3.27533,0.679835,0
log_gains,3.87973,3.28306,0.681664,0
log_gains,3.89124,3.29071,0.683484,0
log_gains,3.9027,3.29828,0.685296,0
log_gains,3.91413,3.30578,0.687098,0
log_gains,3.92553,3.31321,0.688892,0
log_gains,3.93689,3.32057,0.690677,0
log_gains,3.94821,3.32785,0.692454,0
log_gains,3.9595,3.33507,0.694223,0
log_gains,3.97076,3.34223,0.695983,0
log_gains,3.98198,3.34932,0.697736,0
log_gains,3.99317,3.35634,0.69948,0
log_gains,4.00433,3.3633,0.701217,0
log_gains,4.01545,3.3702,0.702946,0
log_gains,4.02654,3.37703,0.704667,0
log_gains,4.0376,3.38381,0.706381,0
log_gains,4.04862,3.39053,0.708087,0
log_gains,4.05962,3.39719,0.709786,0
log_gains,4.07058,3.40379,0.711478,0
log_gains,4.08152,3.41034,0.713163,0
log_gains,4.09242,3.41683,0.71484,0
log_gains,4.10329,3.42326,0.716511,0
log_gains,4.11414,3.42965,0.718175,0
log_gains,4.12495,3.43598,0.719832,0
log_gains,4.13573,3.44226,0.721482,0
log_gains,4.14649,3.44849,0.723126,0
log_gains,4.15721,3.45467,0.724763,0
log_gains,4.16791,3.4608,0.726394,0
log_gains,4.17858,3.46688,0.728019,0
log_gains,4.18922,3.47292,0.729637,0
log_gains,4.19983,3.4789,0.731249,0
log_gains,4.21041,3.48485,0.732854,0
log_gains,4.22097,3.49074,0.734454,0
log_gains,4.2315,3.49659,0.736047,0
log_gains,4.242,3.5024,0.737635,0
log_gains,4.25248,3.50816,0.739217,0
log_gains,4.26293,3.51389,0.740792,0
log_gains,4.27335,3.51957,0.742363,0
log_gains,4.28375,3.5252,0.743927,0
log_gains,4.29412,3.5308,0.745486,0
log_gains,4.30446,3.53636,0.747039,0
log_gains,4.31478,3.54188,0.748586,0
log_gains,4.32508,3.54735,0.750128,0
log_gains,4.33534,3.55279,0.751665,0
log_gains,4.34559,3.55819,0.753196,0
log_gains,4.35581,3.56356,0.754722,0
log_gains,4.366,3.56889,0.756243,0
log_gains,4.37617,3.57418,0.757758,0
log_gains,4.38631,3.57943,0.759269,0
log_gains,4.39643,3.58465,0.760774,0
log_gains,4.40653,3.58984,0.762274,0
log_gains,4.4166,3.59499,0.763769,0
log_gains,4.42665,3.60011,0.765259,0
log_gains,4.43667,3.60519,0.766744,0
log_gains,4.44668,3.61024,0.768224,0
log_gains,4.45665,3.61526,0.7697,0
log_gains,4.46661,3.62024,0.77117,0
log_gains,4.47654,3.6252,0.772636,0
log_gains,4.48645,3.63012,0.774097,0
log_gains,4.49634,3.63501,0.775554,0
log_gains,4.5062,3.63987,0.777006,0
log_gains,4.51604,3.6447,0.778453,0
log_gains,4.52586,3.6495,0.779896,0
log_gains,4.53566,3.65427,0.781334,0
log_gains,4.54543,3.65902,0.782768,0
log_gains,4.55519,3.66373,0.784197,0
log_gains,4.56492,3.66842,0.785622,0
log_gains,4.57463,3.67307,0.787042,0
log_gains,4.58431,3.6777,0.788459,0
log_gains,4.59398,3.68231,0.78987,0
log_gains,4.60363,3.68688,0.791278,0
log_gains,4.61325,3.69143,0.792681,0
log_gains,4.62285,3.69596,0.794081,0
log_gains,4.63243,3.70045,0.795476,0
log_gains,4.642,3.70493,0.796867,0
log_gains,4.65154,3.70937,0.798254,0
log_gains,4.66106,3.71379,0.799636,0
log_gains,4.67056,3.71819,0.801015,0
log_gains,4.68004,3.72256,0.80239,0
log_gains,4.68949,3.72691,0.803761,0
log_gains,4.69893,3.73123,0.805127,0
log_gains,4.70835,3.73553,0.80649,0
log_gains,4.71775,3.73981,0.807849,0
log_gains,4.72713,3.74407,0.809205,0
log_gains,4.73649,3.7483,0.810556,0
log_gains,4.74583,3.75251,0.811904,0
log_gains,4.75515,3.75669,0.813247,0
log_gains,4.76445,3.76086,0.814587,0
log_gains,4.77373,3.765,0.815924,0
log_gains,4.78299,3.76912,0.817256,0
log_gains,4.79224,3.77322,0.818585,0
log_gains,4.80146,3.7773,0.819911,0
log_gains,4.81067,3.78136,0.821232,0
log_gains,4.81985,3.78539,0.822551,0
log_gains,4.82902,3.78941,0.823865,0
log_gains,4.83817,3.79341,0.825176,0
log_gains,4.8473,3.79738,0.826484,0
log_gains,4.85641,3.80134,0.827788,0
log_gains,4.8655,3.80528,0.829089,0
log_gains,4.87458,3.8092,0.830386,0
log_gains,4.88364,3.81309,0.831679,0
log_gains,4.89268,3.81697,0.83297,0
log_gains,4.9017,3.82083,0.834257,0
log_gains,4.9107,3.82468,0.83554,0
log_gains,4.91968,3.8285,0.836821,0
log_gains,4.92865,3.83231,0.838098,0
log_gains,4.9376,3.83609,0.839371,0
log_gains,4.94653,3.83986,0.840642,0
log_gains,4.95545,3.84362,0.841909,0
log_gains,4.96434,3.84735,0.843173,0
log_gains,4.97322,3.85107,0.844433,0
log_gains,4.98208,3.85477,0.845691,0
log_gains,4.99093,3.85845,0.846945,0
log_gains,4.99976,3.86212,0.848197,0
log_gains,5.00857,3.86577,0.849445,0
log_gains,5.01736,3.8694,0.85069,0
log_gains,5.02614,3.87302,0.851932,0
log_gains,5.0349,3.87662,0.85317,0
log_gains,5.04364,3.88021,0.854406,0
log_gains,5.05236,3.88378,0.855639,0
log_gains,5.06107,3.88733,0.856869,0
log_gains,5.06977,3.89087,0.858095,0
log_gains,5.07844,3.89439,0.859319,0
log_gains,5.0871,3.8979,0.86054,0
log_gains,5.09575,3.90139,0.861758,0
log_gains,5.10437,3.90487,0.862973,0
log_gains,5.11298,3.90833,0.864185,0
log_gains,5.12158,3.91178,0.865394,0
log_gains,5.13016,3.91521,0.8666,0
log_gains,5.13872,3.91863,0.867804,0
log_gains,5.14726,3.92204,0.869004,0
log_gains,5.1558,3.92543,0.870202,0
log_gains,5.16431,3.9288,0.871397,0
log_gains,5.17281,3.93217,0.872589,0
log_gains,5.18129,3.93551,0.873778,0
log_gains,5.18976,3.93885,0.874965,0
log_gains,5.19821,3.94217,0.876148,0
log_gains,5.20665,3.94548,0.877329,0
log_gains,5.21507,3.94877,0.878508,0
log_gains,5.22347,3.95206,0.879683,0
log_gains,5.23186,3.95532,0.880856,0
log_gains,5.24024,3.95858,0.882027,0
log_gains,5.2486,3.96182,0.883194,0
log_gains,5.25694,3.96505,0.884359,0
log_gains,5.26527,3.96827,0.885521,0
log_gains,5.27359,3.97148,0.886681,0
log_gains,5.28189,3.97467,0.887838,0
log_gains,5.29017,3.97785,0.888993,0
log_gains,5.29844,3.98102,0.890145,0
log_gains,5.3067,3.98417,0.891294,0
log_gains,5.31493,3.98732,0.892441,0
log_gains,5.32316,3.99045,0.893585,0
log_gains,5.33137,3.99357,0.894727,0
log_gains,5.33957,3.99668,0.895866,0
log_gains,5.34775,3.99977,0.897003,0
log_gains,5.35591,4.00286,0.898137,0
log_gains,5.36407,4.00593,0.899269,0
log_gains,5.3722,4.009,0.900398,0
log_gains,5.38033,4.01205,0.901525,0
log_gains,5.38844,4.01509,0.902649,0
log_gains,5.39653,4.01812,0.903771,0
log_gains,5.40461,4.02114,0.904891,0
log_gains,5.41268,4.02414,0.906008,0
log_gains,5.42073,4.02714,0.907122,0
log_gains,5.42877,4.03013,0.908235,0
log_gains,5.4368,4.0331,0.909345,0
log_gains,5.44481,4.03607,0.910452,0
log_gains,5.4528,4.03902,0.911558,0
log_gains,5.46079,4.04196,0.912661,0
log_gains,5.46876,4.0449,0.913761,0
log_gains,5.47671,4.04782,0.91486,0
log_gains,5.48465,4.05073,0.915956,0
log_gains,5.49258,4.05364,0.917049,0
log_gains,5.5005,4.05653,0.918141,0
log_gains,5.5084,4.05941,0.91923,0
log_gains,5.51628,4.06229,0.920317,0
log_gains,5.52416,4.06515,0.921402,0
log_gains,5.53202,4.06801,0.922484,0
log_gains,5.53987,4.07085,0.923564,0
log_gains,5.5477,4.07368,0.924642,0
log_gains,5.55552,4.07651,0.925718,0
log_gains,5.56333,4.07933,0.926791,0
log_gains,5.57112,4.08213,0.927863,0
log_gains,5.5789,4.08493,0.928932,0
log_gains,5.58667,4.08772,0.929999,0
log_gains,5.59443,4.0905,0.931064,0
log_gains,5.60217,4.09327,0.932127,0
log_gains,5.6099,4.09603,0.933187,0
log_gains,5.61761,4.09878,0.934246,0
log_gains,5.62532,4.10153,0.935302,0
log_gains,5.63301,4.10426,0.936356,0
log_gains,5.64068,4.10699,0.937408,0
log_gains,5.64835,4.1097,0.938458,0
log_gains,5.656,4.11241,0.939506,0
log_gains,5.66364,4.11511,0.940552,0
log_gains,5.67127,4.1178,0.941596,0
log_gains,5.67888,4.12049,0.942638,0
log_gains,5.68648,4.12316,0.943677,0
log_gains,5.69407,4.12583,0.944715,0
log_gains,5.70165,4.12849,0.945751,0
log_gains,5.70921,4.13114,0.946784,0
log_gains,5.71676,4.13378,0.947816,0
log_gains,5.7243,4.13641,0.948845,0
log_gains,5.73183,4.13904,0.949873,0
log_gains,5.73935,4.14165,0.950898,0
log_gains,5.74685,4.14426,0.951922,0
log_gains,5.75434,4.14687,0.952944,0
log_gains,5.76182,4.14946,0.953963,0
log_gains,5.76928,4.15205,0.954981,0
log_gains,5.77674,4.15463,0.955997,0
log_gains,5.78418,4.1572,0.957011,0
log_gains,5.79161,4.15976,0.958022,0
log_gains,5.79903,4.16232,0.959032,0
log_gains,5.80643,4.16486,0.96004,0
log_gains,5.81383,4.16741,0.961046,0
log_gains,5.82121,4.16994,0.962051,0
log_gains,5.82858,4.17247,0.963053,0
log_gains,5.83594,4.17498,0.964053,0
log_gains,5.84329,4.1775,0.965052,0
log_gains,5.85062,4.18,0.966049,0
log_gains,5.85794,4.1825,0.967043,0
log_gains,5.86526,4.18499,0.968036,0
log_gains,5.87256,4.18747,0.969027,0
log_gains,5.87985,4.18995,0.970017,0
log_gains,5.88712,4.19242,0.971004,0
log_gains,5.89439,4.19488,0.97199,0
log_gains,5.90164,4.19733,0.972973,0
log_gains,5.90888,4.19978,0.973955,0
log_gains,5.91612,4.20222,0.974935,0
log_gains,5.92334,4.20466,0.975914,0
log_gains,5.93054,4.20708,0.97689,0
log_gains,5.93774,4.20951,0.977865,0
log_gains,5.94493,4.21192,0.978838,0
log_gains,5.9521,4.21433,0.979809,0
log_gains,5.95927,4.21673,0.980778,0
log_gains,5.96642,4.21912,0.981746,0
log_gains,5.97356,4.22151,0.982712,0
log_gains,5.98069,4.2239,0.983676,0
log_gains,5.98781,4.22627,0.984639,0
log_gains,5.99492,4.22864,0.985599,0
log_gains,6.00201,4.231,0.986558,0
log_gains,6.0091,4.23336,0.987515,0
log_gains,6.01617,4.23571,0.988471,0
log_gains,6.02324,4.23805,0.989425,0
log_gains,6.03029,4.24039,0.990377,0
log_gains,6.03733,4.24272,0.991327,0
log_gains,6.04436,4.24505,0.992276,0
log_gains,6.05139,4.24737,0.993223,0
log_gains,6.05839,4.24968,0.994168,0
log_gains,6.06539,4.25199,0.995111,0
log_gains,6.07238,4.25429,0.996053,0
log_gains,6.07936,4.25659,0.996994,0
log_gains,6.08633,4.25888,0.997932,0
log_gains,6.09328,4.26116,0.998869,0
log_gains,6.10023,4.26344,0.999805,0
log_gains,6.10716,4.26571,1.00074,0
log_gains,6.11409,4.26798,1.00167,0
log_gains,6.121,4.27024,1.0026,0
log_gains,6.12791,4.2725,1.00353,0
log_gains,6.1348,4.27475,1.00446,0
log_gains,6.14168,4.27699,1.00538,0
log_gains,6.14855,4.27923,1.00631,0
log_gains,6.15542,4.28146,1.00723,0
log_gains,6.16227,4.28369,1.00815,0
log_gains,6.16911,4.28591,1.00907,0
log_gains,6.17594,4.28813,1.00999,0
log_gains,6.18276,4.29034,1.0109,0
log_gains,6.18957,4.29254,1.01182,0
log_gains,6.19637,4.29474,1.01273,0
log_gains,6.20316,4.29694,1.01364,0
log_gains,6.20994,4.29913,1.01455,0
log_gains,6.21671,4.30131,1.01546,0
log_gains,6.22347,4.30349,1.01636,0
log_gains,6.23022,4.30566,1.01727,0
log_gains,6.23696,4.30783,1.01817,0
log_gains,6.24369,4.30999,1.01908,0
log_gains,6.25041,4.31215,1.01998,0
log_gains,6.25712,4.31431,1.02087,0
log_gains,6.26382,4.31645,1.02177,0
log_gains,6.27051,4.3186,1.02267,0
log_gains,6.27719,4.32073,1.02356,0
log_gains,6.28386,4.32287,1.02446,0
log_gains,6.29052,4.32499,1.02535,0
log_gains,6.29717,4.32712,1.02624,0
log_gains,6.30381,4.32924,1.02712,0
log_gains,6.31044,4.33135,1.02801,0
log_gains,6.31706,4.33346,1.0289,0
log_gains,6.32367,4.33556,1.02978,0
log_gains,6.33027,4.33766,1.03066,0
log_gains,6.33686,4.33975,1.03154,0
log_gains,6.34345,4.34184,1.03242,0
log_gains,6.35002,4.34392,1.0333,0
log_gains,6.35658,4.346,1.03418,0
log_gains,6.36314,4.34808,1.03505,0
log_gains,6.36968,4.35015,1.03593,0
log_gains,6.37621,4.35221,1.0368,0
log_gains,6.38274,4.35427,1.03767,0
log_gains,6.38925,4.35633,1.03854,0
log_gains,6.39576,4.35838,1.03941,0
log_gains,6.40226,4.36043,1.04027,0
log_gains,6.40874,4.36247,1.04114,0
log_gains,6.41522,4.36451,1.042,0
log_gains,6.42169,4.36654,1.04287,0
log_gains,6.42815,4.36857,1.04373,0
log_gains,6.4346,4.3706,1.04459,0
log_gains,6.44104,4.37262,1.04544,0
log_gains,6.44747,4.37463,1.0463,0
log_gains,6.45389,4.37664,1.04716,0
log_gains,6.4603,4.37865,1.04801,0
log_gains,6.4667,4.38065,1.04886,0
log_gains,6.4731,4.38265,1.04971,0
log_gains,6.47948,4.38464,1.05056,0
log_gains,6.48586,4.38663,1.05141,0
log_gains,6.49223,4.38862,1.05226,0
log_gains,6.49858,4.3906,1.0531,0
log_gains,6.50493,4.39258,1.05395,0
log_gains,6.51127,4.39455,1.05479,0
log_gains,6.5176,4.39652,1.05563,0
log_gains,6.52392,4.39848,1.05647,0
log_gains,6.53023,4.40044,1.05731,0
log_gains,6.53654,4.4024,1.05815,0
log_gains,6.54283,4.40435,1.05899,0
log_gains,6.54912,4.4063,1.05982,0
log_gains,6.55539,4.40824,1.06065,0
log_gains,6.56166,4.41018,1.06149,0
log_gains,6.56792,4.41212,1.06232,0
log_gains,6.57417,4.41405,1.06315,0
log_gains,6.58041,4.41598,1.06397,0
log_gains,6.58664,4.4179,1.0648,0
log_gains,6.59286,4.41982,1.06563,0
log_gains,6.59908,4.42174,1.06645,0
log_gains,6.60528,4.42365,1.06727,0
log_gains,6.61148,4.42556,1.0681,0
log_gains,6.61767,4.42746,1.06892,0
log_gains,6.62385,4.42936,1.06974,0
log_gains,6.63002,4.43126,1.07055,0
log_gains,6.63618,4.43315,1.07137,0
log_gains,6.64234,4.43504,1.07219,0
log_gains,6.64848,4.43693,1.073,0
log_gains,6.65462,4.43881,1.07381,0
log_gains,6.66074,4.44068,1.07462,0
log_gains,6.66686,4.44256,1.07543,0
log_gains,6.67297,4.44443,1.07624,0
log_gains,6.67908,4.4463,1.07705,0
log_gains,6.68517,4.44816,1.07786,0
log_gains,6.69125,4.45002,1.07866,0
log_gains,6.69733,4.45187,1.07947,0
log_gains,6.7034,4.45372,1.08027,0
log_gains,6.70946,4.45557,1.08107,0
log_gains,6.71551,4.45742,1.08187,0
log_gains,6.72155,4.45926,1.08267,0
log_gains,6.72759,4.4611,1.08347,0
log_gains,6.73361,4.46293,1.08426,0
log_gains,6.73963,4.46476,1.08506,0
log_gains,6.74564,4.46659,1.08585,0
log_gains,6.75164,4.46841,1.08665,0
log_gains,6.75764,4.47023,1.08744,0
log_gains,6.76362,4.47205,1.08823,0
log_gains,6.7696,4.47386,1.08902,0
log_gains,6.77556,4.47567,1.0898,0
log_gains,6.78152,4.47748,1.09059,0
log_gains,6.78748,4.47928,1.09138,0
log_gains,6.79342,4.48108,1.09216,0
log_gains,6.79935,4.48287,1.09294,0
log_gains,6.80528,4.48466,1.09373,0
log_gains,6.8112,4.48645,1.09451,0
log_gains,6.81711,4.48824,1.09529,0
log_gains,6.82301,4.49002,1.09607,0
log_gains,6.82891,4.4918,1.09684,0
log_gains,6.83479,4.49358,1.09762,0
log_gains,6.84067,4.49535,1.09839,0
log_gains,6.84654,4.49712,1.09917,0
log_gains,6.85241,4.49888,1.09994,0
log_gains,6.85826,4.50065,1.10071,0
log_gains,6.86411,4.50241,1.10148,0
log_gains,6.86995,4.50416,1.10225,0
log_gains,6.87578,4.50592,1.10302,0
log_gains,6.8816,4.50766,1.10378,0
log_gains,6.88741,4.50941,1.10455,0
log_gains,6.89322,4.51115,1.10531,0
log_gains,6.89902,4.51289,1.10608,0
log_gains,6.90481,4.51463,1.10684,0
log_gains,6.91059,4.51637,1.1076,0
log_gains,6.91637,4.5181,1.10836,0
log_gains,6.92214,4.51982,1.10912,0
log_gains,6.92789,4.52155,1.10988,0
log_gains,6.93365,4.52327,1.11063,0
log_gains,6.93939,4.52499,1.11139,0
log_gains,6.94513,4.5267,1.11214,0
log_gains,6.95086,4.52842,1.1129,0
log_gains,6.95658,4.53013,1.11365,0
log_gains,6.96229,4.53183,1.1144,0
log_gains,6.96799,4.53354,1.11515,0
log_gains,6.97369,4.53524,1.1159,0
log_gains,6.97938,4.53693,1.11664,0
log_gains,6.98506,4.53863,1.11739,0
log_gains,6.99074,4.54032,1.11814,0
log_gains,6.99641,4.54201,1.11888,0
log_gains,7.00207,4.54369,1.11962,0
log_gains,7.00772,4.54537,1.12037,0
log_gains,7.01336,4.54705,1.12111,0
log_gains,7.019,4.54873,1.12185,0
log_gains,7.01336,4.54705,1.12111,0
